VentaID;FechaID;TiendaID;ProductoID;ClienteID;Unidades;PrecioUnitario;Descuento;ValorVenta
V000517;20240101;T01;PRD008;CLI0008;1;3014600;0,05;2863870
V001049;20240101;T05;PRD026;CLI0044;1;443400;0,05;421230
V001165;20240101;T01;PRD020;CLI0030;1;59100;0,1;53190
V001544;20240101;T01;PRD020;CLI0062;1;59000;0,1;53100
V001548;20240101;T04;PRD030;CLI0035;1;40700;0;40700
V001884;20240101;T02;PRD010;CLI0022;2;1998900;0;3997800
V001980;20240101;T05;PRD015;CLI0008;2;673600;0,1;1212480
V002125;20240101;T02;PRD033;CLI0053;1;1876600;0,1;1688940
V000096;20240102;T04;PRD021;CLI0050;2;159200;0;318400
V000458;20240102;T02;PRD033;CLI0027;1;1892200;0;1892200
V000804;20240102;T03;PRD017;CLI0075;3;3500000;0,1;9450000
V001684;20240102;T01;PRD015;CLI0016;2;667100;0;1334200
V000896;20240103;T01;PRD019;CLI0035;2;48400;0;96800
V001451;20240103;T05;PRD022;CLI0054;2;261500;0;523000
V001641;20240103;T01;PRD033;CLI0063;3;1920300;0;5760900
V001784;20240103;T04;PRD034;CLI0079;4;264800;0,15;900320
V000060;20240104;T01;PRD007;CLI0057;2;1539800;0,05;2925620
V001456;20240104;T05;PRD021;CLI0073;2;147500;0;295000
V001742;20240104;T03;PRD031;CLI0010;4;37700;0,05;143260
V001885;20240104;T04;PRD033;CLI0080;1;1877000;0;1877000
V000048;20240105;T01;PRD029;CLI0043;2;62800;0;125600
V000529;20240105;T05;PRD032;CLI0018;1;38700;0,1;34830
V001066;20240105;T03;PRD014;CLI0059;2;112300;0,1;202140
V001263;20240105;T03;PRD016;CLI0021;1;1393700;0,05;1324015
V001361;20240105;T02;PRD031;CLI0021;3;35400;0,05;100890
V001428;20240105;T02;PRD038;CLI0008;2;569800;0;1139600
V001964;20240105;T02;PRD025;CLI0076;1;408000;0,05;387600
V000020;20240106;T02;PRD028;CLI0067;2;98100;0;196200
V000364;20240106;T05;PRD023;CLI0022;1;1044400;0;1044400
V000802;20240106;T01;PRD015;CLI0045;1;694300;0;694300
V001002;20240106;T03;PRD002;CLI0080;2;50400;0;100800
V001266;20240106;T05;PRD038;CLI0052;2;568500;0,05;1080150
V001802;20240106;T02;PRD021;CLI0068;2;152600;0,15;259420
V001819;20240106;T03;PRD016;CLI0068;1;1408100;0,05;1337695
V001669;20240107;T01;PRD020;CLI0080;1;58900;0;58900
V001934;20240107;T01;PRD003;CLI0030;2;204200;0,05;387980
V002017;20240107;T03;PRD019;CLI0050;3;51100;0;153300
V000150;20240109;T02;PRD031;CLI0016;1;38300;0,1;34470
V000702;20240109;T01;PRD018;CLI0054;3;5330000;0,05;15190500
V000831;20240109;T04;PRD022;CLI0078;2;273300;0,05;519270
V001445;20240109;T01;PRD021;CLI0029;1;149800;0;149800
V000411;20240110;T01;PRD021;CLI0069;3;155700;0;467100
V001375;20240110;T02;PRD010;CLI0044;1;1960900;0,1;1764810
V001439;20240110;T05;PRD017;CLI0080;1;3248000;0,1;2923200
V001478;20240110;T04;PRD029;CLI0040;1;64200;0,1;57780
V001716;20240110;T01;PRD038;CLI0071;1;566800;0,1;510120
V001811;20240110;T04;PRD017;CLI0041;2;3457200;0;6914400
V000059;20240111;T05;PRD027;CLI0036;1;18700;0;18700
V000367;20240111;T01;PRD012;CLI0061;2;1961100;0,15;3333870
V000817;20240111;T02;PRD030;CLI0026;1;42400;0;42400
V000947;20240111;T01;PRD033;CLI0069;1;1906200;0;1906200
V001441;20240111;T02;PRD022;CLI0059;2;267500;0;535000
V001758;20240111;T01;PRD021;CLI0022;2;155400;0,1;279720
V001768;20240111;T03;PRD005;CLI0040;3;152100;0,05;433485
V000182;20240112;T01;PRD036;CLI0049;1;479700;0;479700
V000504;20240112;T03;PRD020;CLI0023;3;59600;0,05;169860
V000601;20240112;T05;PRD019;CLI0026;2;52000;0;104000
V001120;20240112;T04;PRD012;CLI0010;1;1886000;0,15;1603100
V001152;20240112;T01;PRD036;CLI0011;2;506600;0,05;962540
V001195;20240112;T02;PRD003;CLI0018;2;201000;0,05;381900
V000024;20240113;T01;PRD018;CLI0012;3;4953400;0,1;13374180
V000071;20240113;T02;PRD027;CLI0072;2;18000;0,1;32400
V000100;20240113;T02;PRD015;CLI0002;2;680000;0;1360000
V000357;20240113;T02;PRD022;CLI0017;3;260400;0,1;703080
V000453;20240113;T03;PRD024;CLI0055;1;1154400;0,1;1038960
V000756;20240113;T02;PRD017;CLI0052;2;3264300;0,05;6202170
V000827;20240113;T01;PRD031;CLI0073;3;36500;0,1;98550
V001503;20240113;T01;PRD033;CLI0048;2;1854100;0,1;3337380
V001782;20240113;T04;PRD037;CLI0051;4;338700;0;1354800
V000462;20240114;T01;PRD018;CLI0050;3;5192300;0;15576900
V000491;20240114;T01;PRD002;CLI0058;2;49800;0,15;84660
V001743;20240114;T02;PRD033;CLI0055;1;1863300;0,15;1583805
V000273;20240115;T01;PRD030;CLI0052;2;41300;0,1;74340
V001196;20240115;T04;PRD026;CLI0017;2;450000;0,05;855000
V000038;20240116;T02;PRD019;CLI0038;1;49900;0;49900
V000515;20240116;T03;PRD034;CLI0037;1;251100;0;251100
V000592;20240116;T04;PRD004;CLI0009;3;428300;0;1284900
V001130;20240116;T01;PRD007;CLI0005;2;1449700;0,1;2609460
V001719;20240116;T04;PRD004;CLI0057;2;414600;0,1;746280
V001777;20240116;T02;PRD024;CLI0008;2;1208300;0;2416600
V001911;20240116;T01;PRD016;CLI0056;2;1400500;0;2801000
V000028;20240117;T01;PRD005;CLI0010;2;158800;0,05;301720
V000204;20240117;T03;PRD035;CLI0046;1;252500;0;252500
V000265;20240117;T01;PRD035;CLI0042;3;236400;0,1;638280
V001685;20240117;T04;PRD012;CLI0040;3;1927600;0,1;5204520
V000065;20240118;T04;PRD037;CLI0040;4;346300;0,15;1177420
V000329;20240118;T01;PRD022;CLI0037;1;260300;0;260300
V000373;20240118;T02;PRD018;CLI0022;4;5069200;0;20276800
V000593;20240118;T01;PRD007;CLI0056;1;1465600;0;1465600
V001021;20240118;T03;PRD010;CLI0017;2;1863700;0;3727400
V001535;20240118;T03;PRD008;CLI0013;2;2918000;0,05;5544200
V000052;20240119;T01;PRD008;CLI0024;1;3093500;0;3093500
V000219;20240119;T05;PRD029;CLI0067;4;62100;0;248400
V000660;20240119;T05;PRD022;CLI0070;3;281100;0,15;716805
V000942;20240119;T02;PRD025;CLI0062;2;418300;0,05;794770
V001112;20240119;T04;PRD032;CLI0047;2;40200;0,05;76380
V001180;20240119;T02;PRD018;CLI0064;2;5087000;0;10174000
V001560;20240119;T04;PRD017;CLI0007;3;3364300;0,05;9588255
V001749;20240119;T01;PRD009;CLI0012;2;4390600;0;8781200
V001978;20240119;T01;PRD027;CLI0047;4;18000;0;72000
V002160;20240119;T04;PRD012;CLI0005;2;1815900;0,1;3268620
V000418;20240120;T04;PRD007;CLI0079;1;1505400;0;1505400
V000509;20240120;T04;PRD015;CLI0035;2;648100;0;1296200
V001127;20240120;T05;PRD025;CLI0020;3;399700;0;1199100
V001969;20240120;T01;PRD015;CLI0067;2;640900;0;1281800
V000068;20240121;T01;PRD036;CLI0055;3;505000;0,1;1363500
V001430;20240121;T03;PRD029;CLI0052;1;64800;0;64800
V001770;20240121;T03;PRD018;CLI0020;1;5040000;0;5040000
V001786;20240121;T04;PRD035;CLI0080;1;253400;0,1;228060
V000353;20240122;T05;PRD038;CLI0022;3;562000;0,05;1601700
V000670;20240122;T04;PRD011;CLI0029;1;741300;0;741300
V001393;20240122;T05;PRD019;CLI0067;4;47100;0,05;178980
V001591;20240122;T02;PRD005;CLI0012;3;160200;0,1;432540
V001611;20240122;T05;PRD016;CLI0071;3;1406400;0,1;3797280
V001856;20240122;T03;PRD023;CLI0012;1;1045700;0,1;941130
V001864;20240122;T02;PRD006;CLI0001;2;822800;0;1645600
V000321;20240123;T03;PRD031;CLI0002;1;35700;0,15;30345
V000677;20240123;T04;PRD001;CLI0014;4;74400;0;297600
V000978;20240123;T04;PRD013;CLI0002;3;277500;0,05;790875
V001081;20240123;T04;PRD002;CLI0008;3;53300;0;159900
V001093;20240123;T01;PRD010;CLI0073;1;2015400;0,1;1813860
V000673;20240124;T01;PRD035;CLI0073;2;250900;0,15;426530
V000953;20240124;T01;PRD028;CLI0013;4;95000;0;380000
V001034;20240124;T04;PRD006;CLI0064;2;816500;0;1633000
V001540;20240124;T02;PRD014;CLI0011;2;114400;0;228800
V000187;20240125;T01;PRD019;CLI0047;2;50400;0;100800
V000578;20240125;T01;PRD036;CLI0059;1;474000;0,15;402900
V000694;20240125;T04;PRD032;CLI0042;1;40600;0;40600
V001197;20240125;T04;PRD027;CLI0022;3;17700;0;53100
V001339;20240125;T01;PRD003;CLI0021;3;211400;0,15;539070
V001914;20240125;T02;PRD022;CLI0001;1;260000;0,1;234000
V000088;20240126;T03;PRD018;CLI0017;4;5053400;0;20213600
V000526;20240126;T03;PRD010;CLI0055;1;1906000;0,05;1810700
V000682;20240126;T01;PRD026;CLI0027;1;436300;0,1;392670
V001121;20240126;T04;PRD021;CLI0003;2;159600;0;319200
V001142;20240126;T02;PRD024;CLI0053;4;1185100;0,15;4029340
V001518;20240126;T02;PRD031;CLI0024;1;37800;0;37800
V001620;20240126;T03;PRD026;CLI0044;3;460200;0,1;1242540
V002000;20240126;T03;PRD018;CLI0060;4;5149900;0;20599600
V002119;20240126;T01;PRD001;CLI0020;3;74200;0,15;189210
V002194;20240126;T01;PRD033;CLI0045;2;1815900;0,1;3268620
V000972;20240127;T01;PRD016;CLI0026;2;1443500;0,05;2742650
V001033;20240127;T03;PRD025;CLI0009;1;419800;0;419800
V002196;20240127;T02;PRD030;CLI0011;2;42100;0;84200
V000185;20240128;T01;PRD001;CLI0017;2;75600;0,15;128520
V000538;20240128;T01;PRD019;CLI0005;4;47800;0,05;181640
V001166;20240128;T01;PRD020;CLI0020;4;60200;0;240800
V002178;20240128;T02;PRD009;CLI0076;1;4222700;0,05;4011565
V000409;20240129;T01;PRD027;CLI0006;2;18100;0,1;32580
V000732;20240129;T03;PRD008;CLI0080;1;2946200;0,15;2504270
V000788;20240129;T01;PRD019;CLI0031;3;49700;0,15;126735
V001065;20240129;T02;PRD011;CLI0025;2;769200;0,05;1461480
V001378;20240129;T02;PRD038;CLI0021;2;566200;0;1132400
V001714;20240129;T02;PRD016;CLI0008;3;1436000;0;4308000
V000248;20240130;T02;PRD010;CLI0063;2;1992900;0,1;3587220
V000603;20240130;T05;PRD031;CLI0075;2;37400;0,05;71060
V000886;20240130;T02;PRD027;CLI0065;1;18700;0;18700
V000890;20240130;T01;PRD020;CLI0036;2;62200;0,05;118180
V001813;20240130;T01;PRD006;CLI0036;1;816000;0,05;775200
V000419;20240131;T03;PRD014;CLI0061;3;111800;0;335400
V000494;20240131;T05;PRD020;CLI0036;1;62000;0,1;55800
V000657;20240131;T04;PRD024;CLI0064;2;1178100;0;2356200
V000983;20240131;T02;PRD034;CLI0020;1;268100;0,15;227885
V001843;20240131;T03;PRD010;CLI0035;1;1991400;0;1991400
V001857;20240131;T03;PRD009;CLI0006;4;4485100;0;17940400
V000628;20240201;T03;PRD038;CLI0027;2;557100;0;1114200
V000736;20240201;T01;PRD035;CLI0005;2;246300;0;492600
V000857;20240201;T03;PRD026;CLI0064;4;460100;0,15;1564340
V001576;20240201;T05;PRD027;CLI0051;1;18600;0,05;17670
V001674;20240201;T03;PRD017;CLI0037;2;3413300;0,1;6143940
V001874;20240201;T04;PRD011;CLI0078;4;792700;0,15;2695180
V000299;20240202;T04;PRD008;CLI0025;3;3124900;0;9374700
V001660;20240202;T04;PRD038;CLI0053;3;581700;0,05;1657845
V001888;20240202;T03;PRD025;CLI0002;2;415000;0;830000
V002014;20240202;T01;PRD035;CLI0064;1;246500;0;246500
V001226;20240203;T01;PRD011;CLI0010;1;758000;0;758000
V001695;20240203;T01;PRD011;CLI0078;2;779700;0,1;1403460
V001747;20240203;T02;PRD020;CLI0074;2;62300;0;124600
V001799;20240203;T02;PRD004;CLI0070;3;407700;0,1;1100790
V000713;20240204;T02;PRD031;CLI0003;4;36400;0,1;131040
V001247;20240204;T01;PRD017;CLI0080;1;3228600;0,1;2905740
V001840;20240204;T01;PRD030;CLI0007;2;44500;0;89000
V002153;20240204;T02;PRD011;CLI0047;1;743800;0;743800
V000542;20240205;T04;PRD025;CLI0048;2;392800;0;785600
V001092;20240205;T03;PRD009;CLI0012;3;4230900;0;12692700
V001119;20240205;T05;PRD033;CLI0048;1;1967500;0,05;1869125
V001846;20240205;T03;PRD004;CLI0041;1;438900;0;438900
V001895;20240205;T02;PRD022;CLI0060;1;270200;0,1;243180
V000303;20240206;T01;PRD013;CLI0036;3;260000;0,1;702000
V000912;20240206;T05;PRD020;CLI0038;2;57100;0,05;108490
V001097;20240206;T05;PRD033;CLI0080;1;1971100;0;1971100
V002057;20240206;T04;PRD034;CLI0034;1;256700;0,05;243865
V000690;20240207;T03;PRD008;CLI0021;4;3008600;0,15;10229240
V001624;20240207;T04;PRD025;CLI0076;4;403200;0,15;1370880
V001849;20240207;T05;PRD034;CLI0077;1;258100;0;258100
V000032;20240208;T01;PRD015;CLI0079;2;683900;0;1367800
V000175;20240208;T02;PRD021;CLI0060;2;158900;0;317800
V000729;20240208;T01;PRD036;CLI0015;3;496800;0;1490400
V001001;20240208;T03;PRD003;CLI0050;3;207500;0,1;560250
V001571;20240208;T02;PRD009;CLI0042;2;4511500;0,05;8571850
V000011;20240209;T03;PRD007;CLI0014;1;1479600;0,05;1405620
V000110;20240209;T05;PRD025;CLI0032;1;395600;0,1;356040
V000371;20240209;T03;PRD006;CLI0003;2;839400;0,1;1510920
V000583;20240209;T02;PRD007;CLI0057;4;1482300;0,1;5336280
V001290;20240209;T01;PRD014;CLI0049;1;117000;0,05;111150
V001625;20240209;T01;PRD001;CLI0068;2;78000;0,05;148200
V001801;20240209;T04;PRD034;CLI0030;1;259300;0;259300
V001805;20240209;T04;PRD006;CLI0023;2;829500;0;1659000
V001035;20240210;T03;PRD025;CLI0006;2;398000;0,15;676600
V001158;20240210;T04;PRD020;CLI0040;1;59100;0;59100
V001334;20240210;T03;PRD009;CLI0044;3;4386400;0;13159200
V001425;20240210;T01;PRD021;CLI0016;1;154900;0;154900
V001926;20240210;T05;PRD028;CLI0054;2;101400;0;202800
V002181;20240210;T04;PRD009;CLI0010;3;4204300;0,1;11351610
V002186;20240210;T01;PRD004;CLI0024;3;432900;0,1;1168830
V000129;20240211;T01;PRD007;CLI0068;2;1456300;0;2912600
V000348;20240211;T04;PRD032;CLI0076;1;40400;0;40400
V000541;20240211;T04;PRD025;CLI0048;2;420100;0;840200
V001085;20240211;T04;PRD013;CLI0006;1;277400;0;277400
V001288;20240211;T05;PRD006;CLI0002;4;838800;0,05;3187440
V000623;20240212;T03;PRD038;CLI0011;2;559900;0,05;1063810
V000781;20240212;T01;PRD003;CLI0065;3;213400;0;640200
V001346;20240212;T02;PRD011;CLI0048;1;769000;0;769000
V001559;20240212;T02;PRD029;CLI0006;1;68200;0;68200
V002075;20240212;T01;PRD026;CLI0064;4;450300;0;1801200
V002104;20240212;T01;PRD025;CLI0060;1;400400;0,1;360360
V000086;20240213;T01;PRD002;CLI0020;2;51800;0;103600
V000114;20240213;T05;PRD027;CLI0070;4;17800;0,1;64080
V000383;20240213;T05;PRD030;CLI0037;1;42400;0,15;36040
V000939;20240213;T01;PRD014;CLI0069;1;115800;0,1;104220
V001084;20240213;T01;PRD020;CLI0067;1;57600;0,15;48960
V002121;20240213;T01;PRD021;CLI0025;2;154600;0;309200
V000597;20240214;T03;PRD019;CLI0003;1;47500;0;47500
V001510;20240214;T01;PRD005;CLI0041;4;150600;0;602400
V001598;20240214;T01;PRD006;CLI0033;1;802700;0,15;682295
V001645;20240214;T03;PRD010;CLI0030;3;1915700;0,15;4885035
V001912;20240214;T01;PRD036;CLI0053;1;492400;0,05;467780
V001955;20240214;T02;PRD022;CLI0073;2;277100;0;554200
V000256;20240215;T01;PRD008;CLI0064;1;3218800;0,15;2735980
V000830;20240215;T02;PRD027;CLI0031;2;18600;0;37200
V000866;20240215;T03;PRD011;CLI0068;4;737300;0;2949200
V001317;20240215;T01;PRD034;CLI0053;2;265300;0;530600
V001668;20240215;T02;PRD025;CLI0021;3;411500;0;1234500
V001974;20240215;T05;PRD032;CLI0073;2;41600;0,1;74880
V000891;20240216;T01;PRD010;CLI0043;1;1928600;0;1928600
V001044;20240216;T05;PRD024;CLI0015;2;1111700;0;2223400
V001313;20240216;T01;PRD032;CLI0073;1;39300;0;39300
V000844;20240217;T01;PRD025;CLI0035;4;420800;0;1683200
V001068;20240217;T03;PRD020;CLI0022;1;57300;0,1;51570
V001681;20240217;T01;PRD009;CLI0044;2;4276100;0;8552200
V001771;20240217;T02;PRD015;CLI0029;2;696400;0,05;1323160
V000043;20240218;T01;PRD034;CLI0068;3;251900;0;755700
V000342;20240218;T05;PRD027;CLI0040;1;17900;0;17900
V000590;20240218;T03;PRD012;CLI0028;1;1951900;0,1;1756710
V000964;20240218;T05;PRD007;CLI0049;3;1403400;0,1;3789180
V001167;20240218;T01;PRD013;CLI0052;1;260700;0,1;234630
V001236;20240218;T01;PRD035;CLI0064;1;240300;0;240300
V001468;20240218;T01;PRD027;CLI0040;3;18600;0,15;47430
V001615;20240218;T02;PRD016;CLI0044;1;1436300;0;1436300
V001664;20240218;T03;PRD029;CLI0046;1;62900;0,1;56610
V001788;20240218;T01;PRD014;CLI0029;1;120900;0,1;108810
V000211;20240219;T04;PRD009;CLI0068;1;4258800;0;4258800
V000278;20240219;T01;PRD012;CLI0041;2;1896000;0,05;3602400
V000502;20240219;T01;PRD025;CLI0027;2;397000;0,1;714600
V000516;20240219;T01;PRD005;CLI0022;1;155500;0;155500
V000754;20240219;T04;PRD025;CLI0023;3;426800;0,1;1152360
V001418;20240219;T04;PRD016;CLI0044;3;1382500;0;4147500
V002182;20240219;T01;PRD001;CLI0041;4;76800;0,05;291840
V000046;20240220;T02;PRD020;CLI0077;1;61600;0,15;52360
V000294;20240220;T01;PRD003;CLI0080;1;203200;0;203200
V001144;20240220;T01;PRD038;CLI0013;2;600300;0,1;1080540
V000192;20240221;T04;PRD037;CLI0061;1;348400;0,1;313560
V000748;20240221;T02;PRD025;CLI0026;3;405000;0,15;1032750
V000985;20240221;T01;PRD014;CLI0045;4;112800;0;451200
V000102;20240222;T01;PRD026;CLI0056;1;439300;0;439300
V000149;20240222;T01;PRD013;CLI0054;1;271300;0,05;257735
V001352;20240222;T02;PRD013;CLI0069;4;269200;0;1076800
V001558;20240222;T04;PRD034;CLI0076;1;256500;0;256500
V001937;20240222;T01;PRD027;CLI0001;1;18700;0,15;15895
V001999;20240222;T01;PRD003;CLI0061;2;207800;0,15;353260
V000104;20240223;T05;PRD004;CLI0071;1;430700;0,05;409165
V000196;20240223;T02;PRD009;CLI0016;4;4503100;0;18012400
V000224;20240223;T04;PRD012;CLI0044;1;1955500;0,05;1857725
V000519;20240223;T01;PRD034;CLI0079;2;260300;0,05;494570
V001564;20240223;T05;PRD009;CLI0047;3;4299300;0;12897900
V001676;20240223;T04;PRD002;CLI0063;1;53400;0,1;48060
V002183;20240223;T03;PRD032;CLI0062;3;38300;0;114900
V000640;20240224;T04;PRD009;CLI0058;3;4297100;0,1;11602170
V000842;20240224;T02;PRD031;CLI0033;4;37900;0;151600
V001411;20240224;T01;PRD024;CLI0013;2;1161200;0,15;1974040
V000008;20240225;T03;PRD025;CLI0008;2;393000;0,1;707400
V000882;20240225;T01;PRD031;CLI0007;2;35800;0;71600
V001123;20240225;T05;PRD022;CLI0009;2;262900;0,05;499510
V001200;20240225;T04;PRD013;CLI0065;4;261100;0,05;992180
V001891;20240225;T05;PRD035;CLI0072;1;234700;0;234700
V002003;20240225;T01;PRD017;CLI0040;2;3549200;0,05;6743480
V000189;20240226;T04;PRD007;CLI0026;1;1403700;0;1403700
V000497;20240226;T01;PRD030;CLI0009;1;41900;0,05;39805
V001646;20240226;T04;PRD002;CLI0066;1;53300;0,1;47970
V000162;20240227;T04;PRD023;CLI0010;1;1141200;0;1141200
V001155;20240227;T05;PRD003;CLI0005;1;204300;0;204300
V001227;20240227;T02;PRD023;CLI0036;1;1132300;0;1132300
V001692;20240227;T01;PRD008;CLI0022;2;3034000;0;6068000
V001845;20240227;T05;PRD033;CLI0051;3;1903600;0;5710800
V001859;20240227;T04;PRD018;CLI0008;1;5177600;0,15;4400960
V002189;20240227;T04;PRD033;CLI0007;2;1929100;0,05;3665290
V000003;20240228;T02;PRD007;CLI0034;2;1449500;0;2899000
V000586;20240228;T04;PRD038;CLI0055;2;594700;0;1189400
V000595;20240228;T05;PRD012;CLI0048;1;1920000;0,05;1824000
V001161;20240228;T03;PRD029;CLI0016;2;67200;0,15;114240
V001312;20240228;T02;PRD031;CLI0019;1;35900;0;35900
V001878;20240228;T01;PRD018;CLI0069;3;4900800;0,15;12497040
V000050;20240229;T02;PRD033;CLI0032;1;1950100;0;1950100
V000735;20240229;T05;PRD022;CLI0012;4;260800;0,05;991040
V002170;20240229;T03;PRD020;CLI0010;3;57700;0;173100
V001006;20240301;T01;PRD036;CLI0049;1;488400;0,15;415140
V001474;20240301;T02;PRD031;CLI0062;2;37500;0;75000
V001769;20240301;T02;PRD002;CLI0076;2;52900;0;105800
V000174;20240302;T04;PRD011;CLI0066;2;784800;0,05;1491120
V000584;20240302;T04;PRD010;CLI0029;2;1889600;0;3779200
V001182;20240302;T03;PRD015;CLI0032;1;633800;0;633800
V001363;20240302;T05;PRD022;CLI0047;2;269800;0,1;485640
V001851;20240302;T05;PRD010;CLI0010;1;1855300;0,05;1762535
V001852;20240302;T01;PRD027;CLI0030;1;18500;0,05;17575
V001975;20240302;T02;PRD037;CLI0026;3;336700;0,15;858585
V002100;20240302;T03;PRD030;CLI0015;1;44400;0;44400
V000324;20240303;T01;PRD031;CLI0053;1;37400;0,1;33660
V000339;20240303;T01;PRD026;CLI0054;4;420200;0;1680800
V000413;20240303;T04;PRD036;CLI0005;1;510500;0;510500
V000885;20240303;T02;PRD008;CLI0044;3;3101500;0;9304500
V001053;20240303;T05;PRD010;CLI0030;2;1869100;0;3738200
V001244;20240303;T02;PRD025;CLI0059;4;398100;0,05;1512780
V002096;20240303;T02;PRD030;CLI0071;1;43500;0;43500
V000138;20240304;T05;PRD026;CLI0028;2;432100;0;864200
V001487;20240304;T03;PRD033;CLI0036;1;1852200;0;1852200
V001794;20240304;T03;PRD009;CLI0038;3;4521000;0,15;11528550
V001879;20240304;T02;PRD002;CLI0015;1;49700;0,1;44730
V000626;20240305;T02;PRD026;CLI0007;4;457600;0,15;1555840
V001320;20240305;T01;PRD032;CLI0075;2;40400;0;80800
V000016;20240306;T01;PRD004;CLI0075;2;420500;0;841000
V000873;20240306;T03;PRD032;CLI0074;1;38300;0;38300
V000909;20240306;T05;PRD017;CLI0034;2;3356500;0;6713000
V001029;20240306;T01;PRD015;CLI0065;1;680900;0,1;612810
V001088;20240306;T05;PRD035;CLI0050;4;256700;0,1;924120
V001283;20240306;T01;PRD024;CLI0069;4;1167500;0;4670000
V001369;20240306;T02;PRD013;CLI0058;1;256200;0,1;230580
V001657;20240306;T03;PRD005;CLI0029;1;147300;0,05;139935
V002048;20240306;T02;PRD007;CLI0056;1;1471700;0,1;1324530
V002184;20240306;T01;PRD014;CLI0071;4;117800;0;471200
V001252;20240307;T02;PRD017;CLI0069;2;3507400;0;7014800
V001301;20240307;T02;PRD013;CLI0054;1;263800;0;263800
V001731;20240307;T01;PRD001;CLI0041;2;78000;0;156000
V001800;20240307;T02;PRD030;CLI0009;3;43100;0,15;109905
V002091;20240307;T01;PRD010;CLI0022;4;1870000;0,1;6732000
V000207;20240308;T04;PRD006;CLI0040;1;852900;0,05;810255
V000854;20240308;T03;PRD038;CLI0061;1;589200;0;589200
V001534;20240308;T04;PRD026;CLI0041;2;420900;0,15;715530
V001613;20240308;T01;PRD027;CLI0073;2;18300;0;36600
V001663;20240308;T01;PRD008;CLI0059;2;2935100;0,05;5576690
V001785;20240308;T05;PRD034;CLI0027;1;262300;0;262300
V000213;20240309;T03;PRD005;CLI0031;3;147900;0,05;421515
V000363;20240309;T02;PRD032;CLI0043;3;40500;0;121500
V000588;20240309;T01;PRD018;CLI0077;1;5033500;0;5033500
V000823;20240309;T02;PRD025;CLI0005;2;395700;0,1;712260
V001966;20240309;T01;PRD012;CLI0001;1;1809800;0,15;1538330
V000126;20240310;T01;PRD018;CLI0013;1;5150500;0,15;4377925
V000310;20240310;T03;PRD008;CLI0027;1;3040100;0,05;2888095
V000503;20240310;T01;PRD008;CLI0070;1;2925900;0,1;2633310
V000688;20240310;T05;PRD009;CLI0021;2;4472500;0,1;8050500
V000693;20240310;T05;PRD019;CLI0027;1;48300;0;48300
V001116;20240310;T02;PRD021;CLI0049;2;158300;0;316600
V001190;20240310;T01;PRD010;CLI0076;2;1954500;0,15;3322650
V001348;20240310;T03;PRD007;CLI0009;3;1525900;0,1;4119930
V001373;20240310;T03;PRD014;CLI0036;1;121000;0,05;114950
V000161;20240311;T01;PRD002;CLI0027;2;53800;0,1;96840
V000235;20240311;T05;PRD029;CLI0016;3;65000;0;195000
V000486;20240311;T04;PRD033;CLI0063;1;1881200;0;1881200
V001956;20240311;T04;PRD010;CLI0045;2;1974100;0;3948200
V000186;20240312;T05;PRD004;CLI0038;3;444000;0;1332000
V000259;20240312;T01;PRD029;CLI0005;2;64400;0,15;109480
V000561;20240312;T05;PRD009;CLI0016;1;4457300;0,15;3788705
V000982;20240312;T01;PRD038;CLI0005;1;561000;0,15;476850
V001618;20240312;T02;PRD006;CLI0078;1;809200;0,05;768740
V001804;20240312;T05;PRD016;CLI0071;3;1490100;0;4470300
V001817;20240312;T02;PRD014;CLI0034;4;122500;0;490000
V002169;20240312;T02;PRD004;CLI0024;1;405300;0,1;364770
V000976;20240313;T01;PRD010;CLI0016;2;1932800;0;3865600
V001147;20240313;T02;PRD002;CLI0037;1;49500;0;49500
V001218;20240313;T05;PRD020;CLI0023;1;62900;0;62900
V001447;20240313;T01;PRD030;CLI0007;1;40600;0;40600
V001629;20240313;T04;PRD026;CLI0025;1;435200;0;435200
V000178;20240314;T04;PRD003;CLI0032;2;203300;0,15;345610
V000336;20240314;T01;PRD028;CLI0038;2;100800;0,15;171360
V000834;20240314;T01;PRD023;CLI0014;1;1140500;0,05;1083475
V001721;20240314;T01;PRD016;CLI0073;1;1427400;0,1;1284660
V001844;20240314;T05;PRD032;CLI0071;1;39200;0;39200
V002099;20240314;T05;PRD011;CLI0066;4;796200;0,05;3025560
V000730;20240315;T05;PRD013;CLI0017;3;277000;0;831000
V000759;20240315;T01;PRD029;CLI0062;2;63000;0,15;107100
V001829;20240315;T03;PRD007;CLI0076;2;1439400;0,1;2590920
V000741;20240316;T03;PRD011;CLI0029;4;740800;0,15;2518720
V000755;20240316;T02;PRD016;CLI0052;2;1402800;0;2805600
V002082;20240316;T03;PRD023;CLI0079;3;1102800;0,05;3142980
V000535;20240317;T02;PRD008;CLI0053;1;3199100;0;3199100
V000571;20240317;T01;PRD007;CLI0048;1;1413700;0;1413700
V001071;20240317;T05;PRD005;CLI0036;3;152800;0,05;435480
V001862;20240317;T05;PRD017;CLI0041;1;3543200;0,05;3366040
V000270;20240318;T02;PRD010;CLI0024;1;2010700;0,1;1809630
V000572;20240318;T02;PRD002;CLI0006;3;54200;0;162600
V000678;20240318;T01;PRD023;CLI0028;1;1099500;0,15;934575
V001414;20240318;T01;PRD037;CLI0014;3;361900;0,1;977130
V001507;20240318;T05;PRD017;CLI0055;1;3445800;0;3445800
V002195;20240318;T01;PRD030;CLI0026;1;41200;0,15;35020
V000137;20240319;T05;PRD006;CLI0066;3;812500;0,1;2193750
V000929;20240319;T04;PRD015;CLI0005;1;697200;0,05;662340
V001399;20240319;T02;PRD008;CLI0022;1;2958000;0,1;2662200
V001996;20240319;T01;PRD006;CLI0060;1;778000;0;778000
V002008;20240319;T05;PRD021;CLI0049;2;152100;0,15;258570
V000222;20240320;T01;PRD008;CLI0078;1;3179700;0;3179700
V000566;20240320;T01;PRD011;CLI0044;1;774900;0;774900
V000598;20240320;T03;PRD002;CLI0051;1;49900;0;49900
V000667;20240320;T01;PRD029;CLI0078;2;64500;0,05;122550
V001446;20240320;T01;PRD022;CLI0063;2;265900;0,1;478620
V000163;20240321;T01;PRD002;CLI0034;1;54300;0,05;51585
V000721;20240321;T01;PRD028;CLI0065;3;98800;0,1;266760
V001693;20240321;T03;PRD001;CLI0009;3;75700;0;227100
V001900;20240321;T03;PRD031;CLI0002;1;35400;0;35400
V002019;20240321;T03;PRD033;CLI0075;2;1914400;0,05;3637360
V000230;20240322;T03;PRD014;CLI0073;1;119000;0,05;113050
V000993;20240322;T03;PRD013;CLI0047;1;277300;0;277300
V001115;20240322;T03;PRD022;CLI0024;2;259700;0;519400
V001222;20240322;T04;PRD025;CLI0077;1;416100;0;416100
V001385;20240322;T01;PRD017;CLI0016;1;3257300;0,05;3094435
V001754;20240322;T03;PRD011;CLI0029;1;773900;0,05;735205
V000118;20240323;T02;PRD014;CLI0032;3;113500;0;340500
V000245;20240323;T01;PRD013;CLI0043;1;274000;0,15;232900
V000469;20240323;T03;PRD032;CLI0061;4;41500;0,05;157700
V000944;20240323;T01;PRD033;CLI0041;3;1920700;0;5762100
V001109;20240323;T02;PRD036;CLI0027;2;494800;0;989600
V001178;20240323;T04;PRD001;CLI0058;1;75400;0;75400
V001632;20240323;T01;PRD012;CLI0077;1;1909800;0,15;1623330
V000691;20240324;T01;PRD029;CLI0041;3;66600;0;199800
V000998;20240324;T01;PRD007;CLI0063;2;1440700;0,05;2737330
V001998;20240324;T01;PRD013;CLI0072;1;267000;0,15;226950
V002172;20240324;T01;PRD033;CLI0073;1;1841600;0,15;1565360
V000231;20240325;T04;PRD033;CLI0050;2;1986800;0,15;3377560
V000618;20240325;T03;PRD037;CLI0044;4;345400;0,15;1174360
V000783;20240325;T03;PRD010;CLI0029;1;1857300;0;1857300
V000806;20240325;T03;PRD013;CLI0005;1;276100;0,1;248490
V001219;20240325;T01;PRD021;CLI0051;4;149300;0;597200
V001581;20240325;T01;PRD006;CLI0079;3;822600;0;2467800
V001916;20240325;T02;PRD006;CLI0067;2;788500;0,15;1340450
V000115;20240326;T04;PRD018;CLI0002;1;5044800;0,15;4288080
V000398;20240326;T01;PRD019;CLI0072;2;48000;0,1;86400
V001011;20240326;T05;PRD016;CLI0061;2;1471900;0,05;2796610
V001604;20240326;T03;PRD014;CLI0074;1;115200;0,15;97920
V000135;20240327;T01;PRD034;CLI0003;1;268200;0;268200
V000228;20240327;T05;PRD032;CLI0018;1;41700;0,05;39615
V000726;20240327;T03;PRD010;CLI0043;3;1862200;0,1;5027940
V000773;20240327;T02;PRD025;CLI0023;2;405800;0,15;689860
V001713;20240327;T01;PRD031;CLI0031;4;37400;0,15;127160
V000177;20240328;T04;PRD037;CLI0010;3;336300;0;1008900
V000510;20240328;T03;PRD034;CLI0019;2;264400;0;528800
V001074;20240328;T03;PRD037;CLI0021;2;353000;0,15;600100
V001910;20240328;T03;PRD038;CLI0067;2;578900;0;1157800
V002022;20240328;T01;PRD004;CLI0063;2;431800;0,1;777240
V002131;20240328;T02;PRD038;CLI0076;2;601000;0;1202000
V000112;20240329;T02;PRD034;CLI0059;2;254400;0,15;432480
V000796;20240329;T01;PRD020;CLI0033;4;58700;0,15;199580
V000860;20240329;T05;PRD034;CLI0035;1;253200;0;253200
V001223;20240329;T01;PRD016;CLI0061;2;1514800;0;3029600
V001423;20240329;T04;PRD012;CLI0059;3;1898400;0;5695200
V001608;20240329;T03;PRD012;CLI0067;1;1861700;0;1861700
V001841;20240329;T03;PRD028;CLI0051;2;95600;0,05;181640
V000188;20240330;T01;PRD016;CLI0017;1;1403000;0;1403000
V000445;20240330;T01;PRD016;CLI0046;3;1468300;0;4404900
V001472;20240330;T04;PRD008;CLI0064;4;2957300;0,1;10646280
V001946;20240330;T01;PRD007;CLI0075;1;1524700;0;1524700
V002110;20240330;T05;PRD026;CLI0057;1;452100;0;452100
V000308;20240331;T01;PRD023;CLI0001;2;1116300;0;2232600
V000337;20240331;T04;PRD025;CLI0031;1;399400;0,15;339490
V000498;20240331;T03;PRD010;CLI0055;2;2016000;0,05;3830400
V000923;20240331;T01;PRD009;CLI0038;1;4535600;0;4535600
V000760;20240401;T02;PRD009;CLI0048;1;4425100;0,05;4203845
V000786;20240401;T05;PRD028;CLI0049;4;99100;0;396400
V001976;20240401;T03;PRD016;CLI0008;2;1416400;0,1;2549520
V001979;20240401;T05;PRD026;CLI0010;2;437700;0;875400
V002006;20240401;T01;PRD028;CLI0019;1;97200;0;97200
V000434;20240402;T04;PRD035;CLI0067;1;248800;0,05;236360
V000869;20240402;T01;PRD005;CLI0001;1;147900;0;147900
V001881;20240402;T01;PRD024;CLI0010;1;1127100;0,15;958035
V002154;20240402;T02;PRD013;CLI0072;4;264800;0;1059200
V000326;20240403;T01;PRD004;CLI0029;2;405000;0,1;729000
V000607;20240403;T05;PRD019;CLI0022;2;48200;0;96400
V001096;20240403;T01;PRD027;CLI0057;2;18900;0,05;35910
V001278;20240403;T02;PRD002;CLI0076;3;52300;0,15;133365
V001419;20240403;T01;PRD008;CLI0002;1;3140100;0;3140100
V001502;20240403;T03;PRD020;CLI0063;2;62700;0;125400
V001760;20240403;T03;PRD032;CLI0037;1;40200;0;40200
V001902;20240403;T04;PRD020;CLI0056;1;59600;0;59600
V001995;20240403;T03;PRD010;CLI0069;3;1903800;0,05;5425830
V002074;20240403;T03;PRD021;CLI0024;4;150000;0;600000
V000473;20240404;T04;PRD027;CLI0032;4;18000;0;72000
V000663;20240404;T03;PRD016;CLI0027;2;1506600;0,05;2862540
V001230;20240404;T01;PRD010;CLI0056;2;1967500;0;3935000
V001316;20240404;T02;PRD036;CLI0003;4;500200;0;2000800
V001835;20240404;T03;PRD038;CLI0008;1;561500;0;561500
V001918;20240404;T04;PRD010;CLI0060;2;1843000;0,1;3317400
V000932;20240405;T01;PRD017;CLI0069;2;3333500;0;6667000
V002199;20240405;T04;PRD011;CLI0029;3;764400;0;2293200
V001253;20240406;T02;PRD018;CLI0029;1;5334400;0;5334400
V002071;20240406;T04;PRD013;CLI0036;1;257500;0,1;231750
V000444;20240407;T04;PRD014;CLI0012;1;118100;0;118100
V001961;20240407;T05;PRD029;CLI0062;1;67000;0,15;56950
V000252;20240408;T04;PRD003;CLI0075;1;214000;0;214000
V000262;20240408;T01;PRD014;CLI0078;2;116700;0;233400
V000545;20240408;T02;PRD014;CLI0060;2;118300;0;236600
V000835;20240408;T05;PRD036;CLI0023;1;468900;0,05;445455
V000934;20240408;T01;PRD001;CLI0030;1;71000;0;71000
V000987;20240408;T04;PRD001;CLI0074;1;73800;0;73800
V001723;20240408;T02;PRD011;CLI0041;1;753300;0,05;715635
V000361;20240409;T04;PRD014;CLI0011;1;122600;0,1;110340
V000740;20240409;T01;PRD026;CLI0008;3;432000;0;1296000
V001018;20240409;T04;PRD026;CLI0007;1;437000;0;437000
V001499;20240409;T03;PRD001;CLI0041;3;73800;0;221400
V001584;20240409;T01;PRD028;CLI0069;1;97700;0,05;92815
V001697;20240409;T03;PRD016;CLI0013;2;1414100;0,15;2403970
V000365;20240410;T01;PRD032;CLI0003;1;38800;0;38800
V000467;20240410;T01;PRD023;CLI0040;3;1101100;0,15;2807805
V000674;20240410;T02;PRD013;CLI0017;1;263800;0;263800
V001098;20240411;T04;PRD031;CLI0071;4;38200;0,1;137520
V001293;20240411;T01;PRD011;CLI0048;2;774000;0,15;1315800
V001344;20240411;T05;PRD020;CLI0031;2;57200;0;114400
V002050;20240411;T04;PRD012;CLI0047;1;1891100;0;1891100
V002146;20240411;T03;PRD020;CLI0002;4;60000;0,1;216000
V000845;20240412;T01;PRD021;CLI0034;4;160400;0,1;577440
V000950;20240412;T05;PRD023;CLI0019;3;1049900;0,1;2834730
V001193;20240412;T05;PRD018;CLI0012;2;5211900;0;10423800
V001546;20240412;T02;PRD028;CLI0031;4;103100;0,1;371160
V001678;20240412;T01;PRD016;CLI0063;3;1382100;0;4146300
V001893;20240412;T05;PRD019;CLI0004;1;48500;0,1;43650
V002122;20240412;T01;PRD029;CLI0055;2;67000;0;134000
V000151;20240413;T03;PRD007;CLI0011;4;1415900;0;5663600
V000298;20240413;T04;PRD027;CLI0027;4;19200;0,1;69120
V000551;20240413;T05;PRD019;CLI0008;3;50900;0,05;145065
V001184;20240413;T01;PRD026;CLI0043;1;425600;0,1;383040
V001480;20240413;T03;PRD012;CLI0026;2;1807400;0,1;3253320
V000852;20240414;T04;PRD033;CLI0062;2;1811100;0,1;3259980
V001207;20240414;T02;PRD004;CLI0077;1;424200;0,05;402990
V001599;20240414;T04;PRD036;CLI0076;1;467300;0;467300
V002034;20240414;T04;PRD004;CLI0031;4;424100;0;1696400
V001113;20240415;T03;PRD022;CLI0003;1;275300;0,05;261535
V002151;20240415;T01;PRD003;CLI0030;1;209300;0,15;177905
V000107;20240416;T03;PRD008;CLI0045;2;3121500;0;6243000
V000719;20240416;T01;PRD033;CLI0054;2;1905900;0,05;3621210
V000787;20240416;T05;PRD027;CLI0003;2;19000;0,1;34200
V001041;20240416;T01;PRD025;CLI0041;2;415200;0;830400
V001274;20240416;T03;PRD031;CLI0065;4;35900;0;143600
V002035;20240416;T01;PRD014;CLI0046;1;121400;0,1;109260
V000534;20240417;T03;PRD013;CLI0026;3;269000;0;807000
V000824;20240417;T04;PRD037;CLI0043;4;330200;0;1320800
V001649;20240417;T01;PRD022;CLI0001;1;281800;0;281800
V002088;20240417;T02;PRD016;CLI0029;4;1482100;0;5928400
V001250;20240418;T04;PRD037;CLI0003;1;355200;0,05;337440
V001568;20240418;T02;PRD012;CLI0045;1;1931200;0;1931200
V000313;20240419;T03;PRD029;CLI0080;1;65200;0,15;55420
V000406;20240419;T05;PRD013;CLI0017;1;269000;0;269000
V001512;20240419;T04;PRD012;CLI0016;1;1944700;0;1944700
V001847;20240419;T03;PRD001;CLI0052;2;74500;0,15;126650
V002038;20240419;T03;PRD006;CLI0011;1;855200;0;855200
V000261;20240420;T05;PRD030;CLI0012;1;43800;0,1;39420
V000867;20240420;T01;PRD006;CLI0036;2;796400;0;1592800
V001124;20240420;T03;PRD025;CLI0064;4;425100;0,1;1530360
V001647;20240420;T03;PRD017;CLI0004;4;3526600;0;14106400
V002173;20240420;T01;PRD007;CLI0058;1;1532400;0;1532400
V000557;20240421;T01;PRD009;CLI0010;1;4466000;0,05;4242700
V001128;20240421;T03;PRD001;CLI0020;2;75700;0;151400
V001265;20240421;T04;PRD013;CLI0022;1;265100;0;265100
V001596;20240421;T02;PRD033;CLI0034;3;1982400;0,1;5352480
V002023;20240421;T02;PRD029;CLI0002;1;65100;0;65100
V000553;20240422;T03;PRD031;CLI0036;1;38400;0;38400
V000619;20240422;T01;PRD016;CLI0056;1;1381600;0,15;1174360
V001449;20240422;T05;PRD025;CLI0031;1;429500;0,05;408025
V001586;20240422;T01;PRD031;CLI0056;1;38700;0;38700
V002193;20240422;T03;PRD027;CLI0071;2;18100;0,05;34390
V000030;20240423;T03;PRD020;CLI0079;3;57300;0,05;163305
V000184;20240423;T02;PRD007;CLI0026;2;1495000;0,05;2840500
V000464;20240423;T02;PRD012;CLI0016;1;1941300;0,15;1650105
V000488;20240423;T02;PRD031;CLI0015;1;37800;0,05;35910
V000840;20240423;T02;PRD038;CLI0039;1;606900;0;606900
V001329;20240423;T03;PRD036;CLI0040;2;496200;0,05;942780
V001362;20240423;T01;PRD037;CLI0052;4;341900;0,05;1299220
V001501;20240423;T01;PRD025;CLI0065;4;409300;0;1637200
V000105;20240424;T01;PRD017;CLI0048;1;3435800;0;3435800
V000247;20240424;T01;PRD015;CLI0011;2;678600;0,05;1289340
V000251;20240424;T01;PRD001;CLI0036;2;73500;0;147000
V000565;20240424;T01;PRD035;CLI0027;3;245400;0;736200
V000701;20240424;T01;PRD011;CLI0017;1;736000;0;736000
V000870;20240424;T05;PRD027;CLI0074;1;18100;0;18100
V000875;20240424;T01;PRD018;CLI0025;4;4995800;0;19983200
V001212;20240424;T02;PRD014;CLI0027;1;117600;0,15;99960
V001484;20240424;T01;PRD001;CLI0044;1;76500;0,1;68850
V002031;20240424;T02;PRD027;CLI0072;1;17900;0,1;16110
V000442;20240425;T01;PRD023;CLI0076;2;1090500;0,15;1853850
V000971;20240425;T03;PRD006;CLI0008;4;792000;0;3168000
V001009;20240425;T02;PRD027;CLI0004;2;18700;0,15;31790
V000036;20240426;T01;PRD024;CLI0035;3;1168000;0,05;3328800
V000544;20240426;T03;PRD030;CLI0076;1;41800;0;41800
V000643;20240426;T05;PRD023;CLI0057;1;1138200;0,15;967470
V000793;20240426;T05;PRD028;CLI0072;2;101600;0;203200
V000913;20240426;T02;PRD005;CLI0071;1;159300;0;159300
V000141;20240427;T01;PRD016;CLI0037;3;1399600;0;4198800
V000780;20240427;T02;PRD036;CLI0010;1;475500;0,15;404175
V001003;20240427;T02;PRD038;CLI0021;4;594100;0;2376400
V001046;20240427;T05;PRD036;CLI0025;1;513800;0;513800
V001117;20240427;T01;PRD009;CLI0018;2;4543700;0,1;8178660
V001251;20240427;T04;PRD014;CLI0020;1;112500;0,15;95625
V002106;20240427;T03;PRD024;CLI0056;1;1165300;0,05;1107035
V000082;20240428;T03;PRD010;CLI0064;2;1920100;0,1;3456180
V000152;20240428;T03;PRD035;CLI0073;3;247500;0;742500
V000283;20240428;T04;PRD023;CLI0031;2;1128700;0,15;1918790
V000530;20240428;T02;PRD005;CLI0026;2;162100;0,1;291780
V000709;20240428;T03;PRD033;CLI0052;2;1922100;0,05;3651990
V000711;20240428;T02;PRD020;CLI0023;4;59300;0;237200
V000851;20240428;T01;PRD019;CLI0055;1;50400;0;50400
V001210;20240428;T03;PRD037;CLI0077;1;347300;0,1;312570
V001216;20240428;T01;PRD014;CLI0024;2;115000;0,15;195500
V001636;20240428;T01;PRD020;CLI0064;2;58700;0;117400
V000452;20240429;T03;PRD038;CLI0003;1;583900;0;583900
V000478;20240429;T04;PRD014;CLI0020;3;114600;0,1;309420
V000927;20240429;T04;PRD033;CLI0051;2;1854100;0,1;3337380
V000007;20240430;T04;PRD002;CLI0017;2;53900;0,1;97020
V000064;20240430;T04;PRD037;CLI0060;2;334400;0;668800
V000579;20240430;T01;PRD024;CLI0003;1;1175500;0,05;1116725
V001072;20240430;T01;PRD027;CLI0073;3;17800;0,1;48060
V000399;20240501;T05;PRD007;CLI0057;2;1440700;0,05;2737330
V000470;20240501;T05;PRD013;CLI0059;4;271400;0,1;977040
V000604;20240501;T01;PRD008;CLI0059;4;2939900;0;11759600
V000652;20240501;T04;PRD036;CLI0040;2;497500;0,15;845750
V000659;20240501;T04;PRD003;CLI0027;1;202300;0,1;182070
V000708;20240501;T02;PRD028;CLI0055;4;101400;0;405600
V000959;20240501;T02;PRD001;CLI0061;3;73500;0;220500
V001351;20240501;T05;PRD013;CLI0018;2;265100;0;530200
V001366;20240501;T05;PRD034;CLI0026;3;266500;0;799500
V000123;20240502;T04;PRD012;CLI0071;3;1971600;0,15;5027580
V000451;20240502;T03;PRD010;CLI0040;1;2018900;0,05;1917955
V000460;20240502;T05;PRD019;CLI0008;1;51700;0;51700
V000731;20240502;T02;PRD013;CLI0077;2;272700;0,15;463590
V001125;20240502;T02;PRD027;CLI0001;1;18100;0,1;16290
V001438;20240502;T04;PRD016;CLI0022;3;1400800;0;4202400
V001454;20240502;T05;PRD036;CLI0003;2;511500;0,05;971850
V001869;20240502;T04;PRD007;CLI0012;4;1410400;0,15;4795360
V002126;20240502;T01;PRD015;CLI0045;2;691300;0,15;1175210
V000400;20240503;T01;PRD003;CLI0059;2;200600;0;401200
V001010;20240503;T01;PRD027;CLI0058;3;18800;0,1;50760
V001087;20240503;T01;PRD023;CLI0071;1;1130000;0,1;1017000
V001736;20240503;T01;PRD004;CLI0003;1;434700;0,15;369495
V002028;20240503;T05;PRD009;CLI0019;1;4525600;0,15;3846760
V000081;20240504;T01;PRD012;CLI0026;1;1950900;0;1950900
V000284;20240504;T04;PRD008;CLI0027;1;3115600;0,05;2959820
V000624;20240504;T01;PRD017;CLI0050;1;3230800;0,1;2907720
V000829;20240504;T01;PRD011;CLI0026;1;791800;0,15;673030
V000973;20240504;T05;PRD019;CLI0076;2;49100;0;98200
V001582;20240504;T02;PRD028;CLI0032;2;99900;0;199800
V001994;20240504;T02;PRD004;CLI0038;1;437900;0;437900
V000649;20240505;T05;PRD028;CLI0044;2;95800;0,15;162860
V001067;20240505;T02;PRD028;CLI0015;4;94300;0;377200
V001245;20240505;T05;PRD010;CLI0036;1;1877800;0;1877800
V001367;20240505;T02;PRD017;CLI0054;4;3354300;0;13417200
V001521;20240505;T02;PRD027;CLI0050;3;18800;0,15;47940
V001775;20240505;T01;PRD015;CLI0055;1;642400;0;642400
V001942;20240505;T01;PRD014;CLI0032;1;113800;0,15;96730
V000370;20240506;T05;PRD019;CLI0008;4;50800;0,15;172720
V000655;20240506;T04;PRD038;CLI0012;1;582800;0;582800
V000938;20240506;T02;PRD023;CLI0051;2;1132600;0;2265200
V001133;20240506;T01;PRD004;CLI0013;4;417400;0;1669600
V001368;20240506;T03;PRD022;CLI0011;2;274700;0;549400
V001750;20240506;T01;PRD018;CLI0022;1;5358900;0;5358900
V001882;20240506;T01;PRD017;CLI0061;2;3478500;0,15;5913450
V001930;20240506;T01;PRD029;CLI0066;2;65900;0;131800
V002069;20240506;T03;PRD023;CLI0067;4;1138900;0,1;4100040
V002197;20240506;T01;PRD010;CLI0049;2;1850300;0,05;3515570
V000047;20240507;T03;PRD006;CLI0057;3;826500;0;2479500
V000573;20240507;T05;PRD005;CLI0078;4;158300;0;633200
V000605;20240507;T01;PRD037;CLI0035;3;358000;0,1;966600
V001271;20240507;T03;PRD023;CLI0080;2;1089700;0,1;1961460
V001404;20240507;T01;PRD032;CLI0070;1;39800;0,15;33830
V001809;20240507;T01;PRD033;CLI0001;2;1844500;0,15;3135650
V001965;20240507;T01;PRD020;CLI0018;1;57800;0;57800
V002024;20240507;T05;PRD038;CLI0038;2;557700;0;1115400
V002158;20240507;T05;PRD007;CLI0059;2;1522900;0,05;2893510
V000385;20240508;T02;PRD026;CLI0037;3;425400;0;1276200
V000546;20240508;T01;PRD015;CLI0022;3;671800;0,15;1713090
V000614;20240508;T02;PRD023;CLI0056;1;1047300;0,05;994935
V000900;20240508;T01;PRD038;CLI0016;2;606100;0;1212200
V001015;20240508;T01;PRD019;CLI0080;3;50000;0;150000
V001410;20240508;T02;PRD001;CLI0028;3;72700;0;218100
V001990;20240508;T04;PRD038;CLI0004;3;558900;0;1676700
V000320;20240509;T01;PRD010;CLI0053;4;1847900;0;7391600
V000672;20240509;T01;PRD020;CLI0013;4;62300;0;249200
V001294;20240509;T03;PRD001;CLI0067;1;76900;0;76900
V001338;20240509;T03;PRD008;CLI0048;3;2915200;0;8745600
V001943;20240509;T04;PRD003;CLI0041;1;203900;0;203900
V002152;20240509;T04;PRD007;CLI0018;1;1533000;0;1533000
V000136;20240510;T03;PRD003;CLI0038;4;211700;0;846800
V000154;20240510;T05;PRD020;CLI0032;2;57100;0,1;102780
V000589;20240510;T05;PRD036;CLI0046;2;481700;0,15;818890
V000656;20240510;T02;PRD006;CLI0066;1;835000;0;835000
V000843;20240510;T03;PRD030;CLI0042;4;40900;0,15;139060
V001597;20240510;T02;PRD003;CLI0048;2;211100;0;422200
V001670;20240510;T02;PRD025;CLI0055;1;408400;0;408400
V000352;20240511;T02;PRD006;CLI0079;1;784900;0;784900
V000382;20240511;T03;PRD013;CLI0058;2;257800;0;515600
V000864;20240511;T01;PRD023;CLI0011;2;1081200;0,05;2054280
V000924;20240511;T04;PRD015;CLI0060;1;693000;0,1;623700
V001056;20240511;T01;PRD005;CLI0079;2;160400;0,1;288720
V001377;20240511;T01;PRD032;CLI0035;1;39400;0,1;35460
V001569;20240511;T01;PRD012;CLI0021;1;1850000;0;1850000
V001005;20240512;T01;PRD031;CLI0051;3;35300;0,15;90015
V001168;20240512;T01;PRD011;CLI0077;2;736400;0;1472800
V001359;20240512;T02;PRD028;CLI0046;2;101100;0,15;171870
V001405;20240512;T01;PRD028;CLI0003;2;102700;0;205400
V001509;20240512;T05;PRD016;CLI0022;3;1464500;0;4393500
V001924;20240512;T01;PRD015;CLI0046;1;638900;0;638900
V000206;20240513;T05;PRD038;CLI0030;3;572500;0,05;1631625
V000585;20240513;T01;PRD021;CLI0065;1;158000;0,1;142200
V000650;20240513;T02;PRD017;CLI0039;4;3250200;0,15;11050680
V000908;20240513;T04;PRD034;CLI0006;1;247800;0;247800
V000970;20240513;T04;PRD003;CLI0072;3;219300;0;657900
V000975;20240513;T03;PRD032;CLI0051;2;38200;0,15;64940
V001154;20240513;T05;PRD012;CLI0039;3;1840800;0;5522400
V001289;20240513;T03;PRD006;CLI0029;1;774900;0;774900
V001950;20240513;T02;PRD028;CLI0051;1;103100;0;103100
V002108;20240513;T01;PRD036;CLI0028;1;472900;0,1;425610
V000044;20240514;T01;PRD028;CLI0026;1;93700;0,1;84330
V000157;20240514;T01;PRD016;CLI0074;4;1499800;0,15;5099320
V000318;20240514;T02;PRD021;CLI0011;2;160400;0;320800
V001326;20240514;T01;PRD013;CLI0021;2;261900;0,15;445230
V001448;20240514;T05;PRD024;CLI0041;1;1109800;0,1;998820
V001757;20240514;T02;PRD022;CLI0029;3;261100;0;783300
V001933;20240514;T02;PRD030;CLI0037;2;44500;0;89000
V001939;20240514;T01;PRD019;CLI0028;2;47700;0;95400
V002072;20240514;T01;PRD033;CLI0056;1;1893100;0,1;1703790
V000131;20240515;T02;PRD028;CLI0020;1;95200;0;95200
V000351;20240515;T05;PRD008;CLI0002;1;3172100;0;3172100
V000435;20240515;T02;PRD032;CLI0070;1;40100;0,1;36090
V000594;20240515;T01;PRD019;CLI0016;4;51700;0,1;186120
V000057;20240516;T02;PRD033;CLI0043;2;1882200;0;3764400
V000074;20240516;T03;PRD017;CLI0065;2;3311700;0,15;5629890
V000144;20240516;T01;PRD004;CLI0055;4;405900;0,15;1380060
V000477;20240516;T04;PRD023;CLI0069;1;1096000;0;1096000
V001246;20240516;T05;PRD008;CLI0025;1;3071000;0;3071000
V001626;20240516;T03;PRD020;CLI0064;2;62800;0;125600
V001650;20240516;T02;PRD033;CLI0060;4;1947800;0,05;7401640
V000200;20240517;T02;PRD021;CLI0008;1;158500;0;158500
V000215;20240517;T01;PRD020;CLI0076;1;61900;0;61900
V000391;20240517;T02;PRD038;CLI0062;1;591100;0;591100
V000734;20240517;T01;PRD017;CLI0040;2;3357500;0;6715000
V001004;20240517;T02;PRD021;CLI0004;1;153600;0,15;130560
V001007;20240517;T04;PRD010;CLI0060;1;1866500;0;1866500
V001573;20240517;T02;PRD022;CLI0045;1;261500;0;261500
V001601;20240517;T03;PRD006;CLI0032;4;812100;0;3248400
V001666;20240517;T01;PRD033;CLI0025;2;1884600;0,15;3203820
V001672;20240517;T01;PRD006;CLI0015;2;820200;0;1640400
V000232;20240518;T01;PRD018;CLI0019;1;5335100;0;5335100
V000292;20240518;T03;PRD005;CLI0012;1;161200;0,15;137020
V000883;20240518;T04;PRD018;CLI0020;1;5312400;0,05;5046780
V001237;20240518;T04;PRD004;CLI0038;4;435500;0,15;1480700
V001595;20240518;T02;PRD015;CLI0013;1;680000;0,15;578000
V001755;20240518;T01;PRD003;CLI0026;2;214700;0,05;407930
V001831;20240518;T05;PRD013;CLI0021;2;271500;0,1;488700
V000376;20240519;T03;PRD021;CLI0034;2;151200;0,1;272160
V000404;20240519;T01;PRD011;CLI0014;1;760200;0,1;684180
V000463;20240519;T05;PRD036;CLI0066;2;504900;0;1009800
V001188;20240519;T01;PRD024;CLI0034;3;1191500;0,1;3217050
V001417;20240519;T02;PRD024;CLI0031;2;1102100;0,15;1873570
V001683;20240519;T03;PRD018;CLI0011;1;5217700;0,1;4695930
V001727;20240519;T03;PRD032;CLI0023;1;41800;0;41800
V001972;20240519;T02;PRD012;CLI0040;1;1846300;0,1;1661670
V000850;20240520;T01;PRD027;CLI0079;1;18900;0;18900
V001025;20240520;T02;PRD038;CLI0040;3;557100;0,1;1504170
V001917;20240520;T01;PRD027;CLI0010;4;18200;0,05;69160
V001940;20240520;T02;PRD001;CLI0025;3;73600;0;220800
V002105;20240520;T05;PRD038;CLI0009;1;581900;0;581900
V002179;20240520;T02;PRD023;CLI0010;3;1097000;0,05;3126450
V000190;20240521;T01;PRD036;CLI0049;1;510600;0;510600
V000820;20240521;T02;PRD024;CLI0015;2;1113000;0,1;2003400
V001008;20240521;T04;PRD013;CLI0056;3;275800;0,05;786030
V001376;20240521;T01;PRD014;CLI0010;4;122500;0,15;416500
V001395;20240521;T04;PRD023;CLI0074;1;1058700;0;1058700
V001963;20240521;T02;PRD017;CLI0024;3;3502400;0;10507200
V001983;20240521;T01;PRD019;CLI0034;4;49800;0;199200
V000226;20240522;T02;PRD005;CLI0008;3;159300;0;477900
V000490;20240522;T04;PRD007;CLI0017;3;1468600;0;4405800
V001523;20240522;T05;PRD006;CLI0012;2;845400;0;1690800
V001635;20240522;T02;PRD009;CLI0065;3;4137900;0;12413700
V001987;20240522;T02;PRD035;CLI0062;1;241000;0;241000
V002127;20240522;T01;PRD025;CLI0064;2;410200;0,1;738360
V002163;20240522;T02;PRD028;CLI0042;2;97800;0;195600
V000077;20240523;T01;PRD014;CLI0017;2;117000;0;234000
V000416;20240523;T01;PRD031;CLI0070;1;35600;0,05;33820
V000849;20240523;T01;PRD008;CLI0003;1;3065000;0,15;2605250
V000917;20240523;T01;PRD036;CLI0048;3;483700;0,05;1378545
V001106;20240523;T01;PRD018;CLI0055;3;5120500;0;15361500
V001687;20240523;T01;PRD001;CLI0043;2;74400;0;148800
V001836;20240523;T05;PRD028;CLI0044;4;96700;0,1;348120
V000004;20240524;T02;PRD017;CLI0031;1;3311800;0,1;2980620
V000436;20240524;T01;PRD030;CLI0012;1;42000;0;42000
V000608;20240524;T02;PRD013;CLI0042;2;261500;0,15;444550
V000994;20240524;T01;PRD028;CLI0027;4;102600;0,15;348840
V001457;20240524;T01;PRD026;CLI0068;2;451800;0;903600
V001479;20240524;T01;PRD004;CLI0034;2;413800;0;827600
V001734;20240524;T01;PRD036;CLI0041;1;511800;0;511800
V001863;20240524;T05;PRD010;CLI0056;4;1880700;0,05;7146660
V000738;20240525;T01;PRD017;CLI0018;1;3546300;0;3546300
V001077;20240525;T04;PRD020;CLI0030;4;60500;0;242000
V001323;20240525;T04;PRD009;CLI0049;2;4448200;0,05;8451580
V001469;20240525;T01;PRD028;CLI0074;1;100500;0;100500
V001589;20240525;T01;PRD002;CLI0077;1;51300;0,15;43605
V002032;20240525;T04;PRD033;CLI0043;1;1881700;0;1881700
V000018;20240526;T05;PRD001;CLI0058;3;71700;0,15;182835
V000209;20240526;T01;PRD015;CLI0065;2;669300;0;1338600
V000345;20240526;T03;PRD029;CLI0009;1;63400;0;63400
V000554;20240526;T02;PRD035;CLI0033;2;252200;0;504400
V000722;20240526;T03;PRD004;CLI0066;2;427500;0,15;726750
V001790;20240526;T03;PRD019;CLI0038;4;50100;0;200400
V000233;20240527;T04;PRD005;CLI0044;1;152200;0;152200
V000366;20240527;T02;PRD038;CLI0028;1;562000;0;562000
V000511;20240527;T02;PRD011;CLI0035;1;746900;0,1;672210
V000522;20240527;T03;PRD012;CLI0078;2;1960000;0;3920000
V000547;20240527;T04;PRD015;CLI0006;1;647100;0;647100
V000569;20240527;T01;PRD023;CLI0014;2;1039600;0,15;1767320
V001191;20240527;T04;PRD007;CLI0017;2;1448000;0;2896000
V001354;20240527;T04;PRD034;CLI0058;2;255600;0,15;434520
V001498;20240527;T05;PRD018;CLI0056;4;5128200;0,15;17435880
V002089;20240527;T05;PRD036;CLI0064;2;507200;0;1014400
V000679;20240528;T01;PRD010;CLI0049;2;1940200;0;3880400
V000996;20240528;T04;PRD035;CLI0047;4;238600;0,1;858960
V001089;20240528;T03;PRD002;CLI0052;4;54100;0,1;194760
V001330;20240528;T04;PRD033;CLI0058;4;1942400;0,1;6992640
V001574;20240528;T03;PRD030;CLI0056;2;41200;0,15;70040
V001763;20240528;T05;PRD001;CLI0030;3;74300;0;222900
V000390;20240529;T01;PRD027;CLI0021;1;18300;0,05;17385
V000499;20240529;T04;PRD027;CLI0007;2;19400;0,1;34920
V001269;20240529;T01;PRD027;CLI0066;2;18200;0;36400
V001520;20240529;T03;PRD018;CLI0047;1;5341600;0;5341600
V001906;20240529;T01;PRD033;CLI0073;1;1893000;0;1893000
V001967;20240529;T05;PRD030;CLI0009;2;44000;0;88000
V000201;20240530;T01;PRD030;CLI0046;3;41500;0,1;112050
V001408;20240530;T05;PRD008;CLI0052;4;2954200;0;11816800
V001436;20240530;T02;PRD002;CLI0039;2;51600;0;103200
V001739;20240530;T05;PRD035;CLI0015;3;243200;0;729600
V002128;20240530;T01;PRD038;CLI0063;2;578800;0,05;1099720
V002155;20240530;T05;PRD016;CLI0010;1;1424900;0,15;1211165
V000356;20240531;T02;PRD035;CLI0079;1;241600;0;241600
V000611;20240531;T01;PRD020;CLI0010;4;59000;0;236000
V001295;20240531;T02;PRD004;CLI0047;4;445800;0;1783200
V001575;20240531;T05;PRD027;CLI0056;1;18600;0,05;17670
V001577;20240531;T01;PRD037;CLI0061;4;331300;0,05;1258940
V001708;20240531;T01;PRD022;CLI0052;1;260200;0,1;234180
V001751;20240531;T01;PRD015;CLI0047;1;684100;0,15;581485
V001787;20240531;T01;PRD025;CLI0064;3;426800;0,05;1216380
V002010;20240531;T04;PRD018;CLI0044;1;5035700;0,05;4783915
V000266;20240601;T04;PRD006;CLI0030;1;790200;0;790200
V000279;20240601;T04;PRD037;CLI0074;3;355700;0;1067100
V000910;20240601;T01;PRD023;CLI0012;1;1047500;0,05;995125
V001261;20240601;T01;PRD033;CLI0010;4;1836800;0;7347200
V001403;20240601;T02;PRD022;CLI0023;1;272200;0;272200
V001644;20240601;T03;PRD024;CLI0075;1;1158300;0;1158300
V001720;20240601;T01;PRD022;CLI0020;2;264100;0;528200
V000073;20240602;T01;PRD021;CLI0071;4;148600;0;594400
V000221;20240602;T02;PRD038;CLI0006;1;574900;0,15;488665
V000287;20240602;T05;PRD033;CLI0005;1;1855400;0,1;1669860
V000724;20240602;T01;PRD016;CLI0042;4;1473300;0,05;5598540
V000733;20240602;T01;PRD021;CLI0011;1;151500;0,1;136350
V000805;20240602;T04;PRD035;CLI0045;1;235600;0,05;223820
V000861;20240602;T03;PRD013;CLI0074;2;271100;0,15;460870
V001101;20240602;T02;PRD031;CLI0049;2;37200;0,1;66960
V001873;20240602;T02;PRD014;CLI0061;2;121400;0;242800
V002036;20240602;T01;PRD019;CLI0039;2;48000;0;96000
V000155;20240603;T05;PRD037;CLI0049;1;362600;0;362600
V000880;20240603;T03;PRD016;CLI0033;1;1453600;0;1453600
V001578;20240603;T05;PRD037;CLI0030;2;351800;0;703600
V001694;20240603;T02;PRD005;CLI0064;4;156000;0,15;530400
V000459;20240604;T04;PRD025;CLI0072;3;394600;0,05;1124610
V001308;20240604;T01;PRD010;CLI0005;1;2025400;0,05;1924130
V001876;20240604;T01;PRD007;CLI0048;1;1454900;0,1;1309410
V001989;20240604;T01;PRD014;CLI0001;1;115600;0;115600
V000147;20240605;T03;PRD006;CLI0058;2;848200;0,05;1611580
V000943;20240605;T01;PRD024;CLI0043;1;1178600;0;1178600
V000984;20240605;T02;PRD010;CLI0031;2;1892000;0;3784000
V001464;20240605;T04;PRD013;CLI0024;2;273000;0,1;491400
V001901;20240605;T01;PRD021;CLI0049;1;158600;0,1;142740
V002135;20240605;T03;PRD010;CLI0071;3;1912700;0,15;4877385
V001353;20240606;T01;PRD033;CLI0001;1;1818200;0;1818200
V001877;20240606;T03;PRD011;CLI0003;4;744500;0,15;2531300
V000075;20240607;T01;PRD005;CLI0046;1;158100;0,15;134385
V000925;20240607;T02;PRD026;CLI0013;3;455700;0;1367100
V001701;20240607;T01;PRD037;CLI0023;3;337500;0;1012500
V001773;20240607;T02;PRD034;CLI0070;1;259500;0,1;233550
V000037;20240608;T02;PRD032;CLI0018;4;39300;0,05;149340
V000267;20240608;T02;PRD029;CLI0069;2;66200;0,05;125780
V000887;20240608;T01;PRD016;CLI0074;1;1411800;0;1411800
V000906;20240608;T02;PRD032;CLI0015;4;41100;0;164400
V001105;20240608;T03;PRD012;CLI0068;2;1819200;0,1;3274560
V001164;20240608;T04;PRD018;CLI0031;2;5293000;0;10586000
V001661;20240608;T02;PRD029;CLI0005;1;68200;0;68200
V000344;20240609;T02;PRD011;CLI0023;1;769200;0;769200
V000089;20240610;T01;PRD012;CLI0009;1;1786700;0,15;1518695
V000170;20240610;T02;PRD009;CLI0060;3;4340200;0,1;11718540
V000514;20240610;T01;PRD033;CLI0033;2;1983400;0,05;3768460
V000771;20240610;T01;PRD019;CLI0044;1;49400;0;49400
V000872;20240610;T05;PRD016;CLI0071;1;1460800;0;1460800
V001654;20240610;T02;PRD026;CLI0072;4;447500;0;1790000
V000148;20240611;T03;PRD016;CLI0028;2;1441300;0;2882600
V000183;20240611;T04;PRD004;CLI0067;1;420600;0,05;399570
V000717;20240611;T03;PRD020;CLI0074;2;59800;0,1;107640
V001466;20240611;T01;PRD007;CLI0076;2;1402700;0,15;2384590
V002005;20240611;T04;PRD030;CLI0043;4;42800;0;171200
V000521;20240612;T02;PRD017;CLI0075;1;3548500;0;3548500
V001078;20240612;T01;PRD029;CLI0006;2;66800;0;133600
V002029;20240612;T01;PRD021;CLI0031;1;156800;0,15;133280
V000166;20240613;T03;PRD010;CLI0041;1;1961500;0,1;1765350
V000354;20240613;T05;PRD028;CLI0041;4;96100;0,15;326740
V001172;20240613;T01;PRD021;CLI0037;2;147300;0;294600
V001286;20240613;T02;PRD013;CLI0003;1;273700;0;273700
V001617;20240613;T02;PRD005;CLI0046;1;152100;0;152100
V000412;20240614;T04;PRD034;CLI0040;1;270100;0,05;256595
V001149;20240614;T02;PRD031;CLI0001;3;38800;0,1;104760
V001176;20240614;T05;PRD021;CLI0057;2;153000;0;306000
V001273;20240614;T02;PRD028;CLI0071;1;101900;0;101900
V001407;20240614;T01;PRD004;CLI0071;2;432200;0;864400
V001492;20240614;T05;PRD023;CLI0010;2;1070500;0;2141000
V001673;20240614;T01;PRD015;CLI0023;4;693200;0,15;2356880
V001759;20240614;T03;PRD002;CLI0044;1;50600;0;50600
V000240;20240615;T03;PRD008;CLI0069;3;3020300;0,05;8607855
V000408;20240615;T03;PRD008;CLI0070;3;3087800;0;9263400
V000904;20240615;T01;PRD009;CLI0019;3;4361600;0,05;12430560
V001482;20240615;T02;PRD008;CLI0015;2;3028100;0;6056200
V001525;20240615;T03;PRD026;CLI0032;3;442300;0,1;1194210
V001605;20240615;T01;PRD002;CLI0044;4;54300;0;217200
V001740;20240615;T05;PRD005;CLI0067;1;162300;0;162300
V002077;20240615;T02;PRD018;CLI0067;2;5285400;0,1;9513720
V000217;20240616;T02;PRD014;CLI0003;1;123300;0,05;117135
V000393;20240616;T03;PRD021;CLI0079;3;148700;0;446100
V000681;20240616;T05;PRD004;CLI0020;1;433300;0,05;411635
V000704;20240616;T02;PRD038;CLI0035;1;596900;0;596900
V000725;20240616;T01;PRD033;CLI0070;1;1981900;0;1981900
V001132;20240616;T03;PRD031;CLI0044;1;37600;0;37600
V001162;20240616;T05;PRD010;CLI0079;1;1906400;0;1906400
V001177;20240616;T01;PRD037;CLI0043;1;353100;0,1;317790
V001724;20240616;T01;PRD027;CLI0043;4;19200;0;76800
V001793;20240616;T05;PRD017;CLI0010;3;3498900;0,1;9447030
V002058;20240616;T03;PRD006;CLI0049;1;785600;0,15;667760
V000263;20240617;T01;PRD030;CLI0063;2;42000;0,1;75600
V000599;20240617;T02;PRD024;CLI0058;3;1151500;0,05;3281775
V000815;20240617;T01;PRD034;CLI0010;1;248900;0,05;236455
V001020;20240617;T02;PRD012;CLI0025;1;1915800;0;1915800
V001187;20240617;T05;PRD037;CLI0040;4;338000;0,1;1216800
V001256;20240617;T03;PRD008;CLI0036;4;3210800;0,1;11558880
V001764;20240617;T04;PRD006;CLI0013;1;824700;0,05;783465
V002062;20240617;T01;PRD019;CLI0030;4;51700;0,15;175780
V002107;20240617;T04;PRD018;CLI0004;1;5201700;0;5201700
V002161;20240617;T04;PRD021;CLI0008;4;156700;0,1;564120
V000051;20240618;T02;PRD035;CLI0013;1;256500;0;256500
V000402;20240618;T02;PRD030;CLI0042;2;42900;0;85800
V000661;20240619;T01;PRD011;CLI0011;1;739200;0,05;702240
V000894;20240619;T01;PRD021;CLI0053;1;150600;0,05;143070
V000945;20240619;T05;PRD015;CLI0068;2;673600;0,15;1145120
V001185;20240619;T02;PRD035;CLI0018;1;237800;0,05;225910
V001254;20240619;T03;PRD028;CLI0047;3;99600;0,05;283860
V001292;20240619;T01;PRD014;CLI0064;1;116500;0,15;99025
V001485;20240619;T01;PRD022;CLI0070;1;266300;0;266300
V000063;20240620;T03;PRD037;CLI0053;1;364300;0,15;309655
V000327;20240620;T03;PRD010;CLI0049;2;1992000;0,1;3585600
V001459;20240620;T02;PRD024;CLI0073;4;1188400;0,1;4278240
V001489;20240620;T02;PRD030;CLI0037;2;44200;0,1;79560
V001567;20240620;T03;PRD036;CLI0073;1;507400;0,1;456660
V001726;20240620;T02;PRD010;CLI0060;3;1908800;0,15;4867440
V000021;20240621;T01;PRD020;CLI0074;3;57700;0,1;155790
V000615;20240621;T05;PRD021;CLI0003;4;149800;0,15;509320
V000689;20240621;T01;PRD018;CLI0016;1;5113000;0,15;4346050
V001031;20240622;T01;PRD002;CLI0046;2;50300;0,1;90540
V001169;20240622;T01;PRD029;CLI0013;3;65900;0;197700
V001537;20240622;T02;PRD006;CLI0072;2;853500;0,15;1450950
V000227;20240623;T05;PRD032;CLI0049;1;38600;0;38600
V000319;20240623;T01;PRD004;CLI0061;4;405100;0,05;1539380
V000130;20240624;T01;PRD034;CLI0057;1;267100;0,15;227035
V000145;20240624;T05;PRD029;CLI0060;1;65200;0,15;55420
V000249;20240624;T04;PRD011;CLI0020;1;735900;0;735900
V000291;20240624;T03;PRD012;CLI0017;1;1939100;0,15;1648235
V000555;20240624;T01;PRD021;CLI0078;1;158500;0,1;142650
V001248;20240624;T01;PRD018;CLI0010;4;5110400;0,05;19419520
V001285;20240624;T02;PRD001;CLI0031;1;71700;0;71700
V000472;20240625;T05;PRD008;CLI0032;1;2946100;0,05;2798795
V000564;20240625;T03;PRD006;CLI0013;3;796300;0,1;2150010
V000757;20240625;T02;PRD013;CLI0022;1;261900;0,1;235710
V001894;20240625;T02;PRD038;CLI0021;4;597300;0,05;2269740
V001051;20240626;T01;PRD037;CLI0006;1;336200;0;336200
V001194;20240626;T04;PRD008;CLI0006;1;2925100;0,1;2632590
V000159;20240627;T01;PRD024;CLI0052;2;1124600;0;2249200
V000346;20240627;T02;PRD030;CLI0065;1;42600;0;42600
V000524;20240627;T01;PRD032;CLI0020;1;38100;0,15;32385
V001277;20240627;T03;PRD006;CLI0072;2;841400;0,05;1598660
V001280;20240627;T01;PRD028;CLI0028;2;100700;0;201400
V001505;20240627;T03;PRD024;CLI0047;4;1124000;0;4496000
V000513;20240628;T02;PRD026;CLI0043;1;421600;0;421600
V000775;20240628;T05;PRD008;CLI0057;1;3004100;0,15;2553485
V001282;20240628;T02;PRD017;CLI0014;2;3416300;0,05;6490970
V001871;20240628;T04;PRD034;CLI0065;1;262000;0;262000
V000093;20240629;T03;PRD008;CLI0013;2;2956000;0;5912000
V000143;20240629;T03;PRD026;CLI0048;1;458800;0;458800
V000214;20240629;T02;PRD036;CLI0018;2;476200;0;952400
V000990;20240629;T03;PRD002;CLI0041;1;49900;0;49900
V001110;20240629;T05;PRD027;CLI0076;4;17800;0;71200
V001748;20240629;T01;PRD022;CLI0073;1;265200;0,05;251940
V000692;20240630;T02;PRD019;CLI0021;1;51600;0;51600
V000871;20240630;T04;PRD021;CLI0065;2;149200;0;298400
V001099;20240630;T04;PRD005;CLI0056;1;149000;0;149000
V001217;20240630;T03;PRD006;CLI0070;1;835600;0,05;793820
V000012;20240701;T02;PRD028;CLI0062;4;98400;0,1;354240
V000359;20240701;T02;PRD004;CLI0069;1;413300;0,05;392635
V000560;20240701;T01;PRD011;CLI0007;1;742100;0;742100
V000715;20240701;T02;PRD033;CLI0017;1;1829200;0;1829200
V001122;20240701;T05;PRD022;CLI0051;1;263400;0,05;250230
V001390;20240701;T05;PRD006;CLI0071;1;838400;0;838400
V000250;20240702;T02;PRD028;CLI0020;4;96700;0,1;348120
V000297;20240702;T01;PRD016;CLI0064;3;1399800;0;4199400
V000475;20240702;T03;PRD022;CLI0036;1;268200;0;268200
V000822;20240702;T03;PRD021;CLI0074;2;160800;0;321600
V001476;20240702;T02;PRD011;CLI0022;2;791800;0,15;1346060
V001094;20240703;T02;PRD036;CLI0029;3;484200;0,05;1379970
V001772;20240703;T05;PRD029;CLI0037;1;63200;0;63200
V001806;20240703;T02;PRD018;CLI0042;4;4878400;0;19513600
V002012;20240703;T03;PRD029;CLI0039;1;66100;0,05;62795
V000282;20240704;T05;PRD009;CLI0008;2;4507100;0;9014200
V000591;20240704;T05;PRD020;CLI0045;1;59900;0;59900
V000926;20240704;T02;PRD033;CLI0018;2;1942700;0;3885400
V001213;20240704;T02;PRD006;CLI0052;4;784800;0,05;2982240
V002192;20240704;T01;PRD030;CLI0019;4;42400;0;169600
V000083;20240705;T05;PRD023;CLI0054;1;1130800;0,1;1017720
V000239;20240705;T01;PRD031;CLI0066;3;38000;0,05;108300
V000340;20240705;T04;PRD006;CLI0023;2;843200;0;1686400
V000685;20240705;T03;PRD022;CLI0042;2;267200;0,15;454240
V000770;20240705;T01;PRD003;CLI0003;1;209600;0,1;188640
V001061;20240705;T02;PRD016;CLI0006;1;1509500;0,15;1283075
V001279;20240705;T02;PRD030;CLI0005;1;43900;0,15;37315
V001607;20240705;T01;PRD004;CLI0052;4;429100;0;1716400
V001732;20240705;T02;PRD009;CLI0054;3;4127900;0,05;11764515
V000237;20240706;T02;PRD037;CLI0006;3;338000;0,05;963300
V001258;20240706;T01;PRD022;CLI0001;1;278800;0,15;236980
V001322;20240706;T04;PRD011;CLI0060;3;797600;0,1;2153520
V001682;20240706;T02;PRD023;CLI0011;2;1036500;0;2073000
V001818;20240706;T02;PRD033;CLI0071;1;1852000;0,1;1666800
V002073;20240706;T01;PRD013;CLI0057;2;274400;0,15;466480
V000430;20240707;T03;PRD003;CLI0004;2;212800;0;425600
V000750;20240707;T01;PRD026;CLI0020;1;433100;0;433100
V000986;20240707;T02;PRD036;CLI0012;1;476400;0;476400
V001941;20240707;T04;PRD009;CLI0057;2;4142700;0;8285400
V000587;20240708;T02;PRD010;CLI0009;1;1854700;0,05;1761965
V000765;20240708;T05;PRD021;CLI0064;2;153200;0,15;260440
V001139;20240708;T01;PRD019;CLI0056;2;51500;0,15;87550
V000647;20240709;T01;PRD038;CLI0002;1;566300;0;566300
V002097;20240709;T02;PRD030;CLI0050;2;41400;0;82800
V000424;20240710;T01;PRD015;CLI0019;4;636200;0,05;2417560
V000600;20240710;T05;PRD015;CLI0061;4;663600;0;2654400
V001780;20240710;T01;PRD016;CLI0046;1;1420100;0;1420100
V001798;20240710;T01;PRD023;CLI0070;1;1076600;0,05;1022770
V000995;20240711;T05;PRD025;CLI0071;2;424700;0,1;764460
V001412;20240711;T02;PRD032;CLI0057;1;39100;0;39100
V001431;20240711;T01;PRD025;CLI0026;1;414200;0;414200
V001717;20240711;T04;PRD011;CLI0075;3;724400;0,05;2064540
V002200;20240711;T04;PRD038;CLI0059;2;599800;0,15;1019660
V000053;20240712;T01;PRD011;CLI0020;3;771000;0,15;1966050
V000307;20240712;T02;PRD037;CLI0077;2;336400;0;672800
V000474;20240712;T04;PRD015;CLI0072;2;670000;0;1340000
V000779;20240712;T01;PRD016;CLI0058;4;1498700;0,05;5695060
V001118;20240712;T01;PRD015;CLI0021;2;687800;0;1375600
V001774;20240712;T02;PRD036;CLI0049;2;474900;0;949800
V001860;20240712;T02;PRD009;CLI0015;3;4442700;0;13328100
V002113;20240712;T02;PRD018;CLI0061;3;4958400;0;14875200
V000195;20240713;T05;PRD037;CLI0031;3;350400;0;1051200
V000255;20240713;T02;PRD018;CLI0046;3;5279400;0,05;15046290
V000286;20240713;T01;PRD018;CLI0028;3;4867900;0,15;12413145
V000612;20240713;T02;PRD022;CLI0045;4;273800;0;1095200
V000836;20240713;T03;PRD015;CLI0043;4;686800;0;2747200
V000407;20240714;T03;PRD006;CLI0031;1;785500;0,1;706950
V000728;20240714;T01;PRD018;CLI0028;1;5106300;0,05;4850985
V001959;20240714;T03;PRD030;CLI0009;1;43100;0;43100
V002066;20240714;T03;PRD027;CLI0019;3;19200;0;57600
V000441;20240715;T01;PRD024;CLI0055;3;1190400;0,15;3035520
V000639;20240715;T03;PRD038;CLI0001;4;592400;0,15;2014160
V001718;20240715;T01;PRD027;CLI0004;1;19000;0,05;18050
V001781;20240715;T01;PRD021;CLI0077;3;152700;0;458100
V001913;20240715;T01;PRD023;CLI0041;1;1133300;0;1133300
V000375;20240716;T02;PRD018;CLI0021;1;4929700;0,05;4683215
V000610;20240716;T03;PRD032;CLI0064;1;41100;0,05;39045
V001151;20240716;T02;PRD006;CLI0044;1;792600;0,15;673710
V001304;20240716;T01;PRD030;CLI0051;2;40900;0;81800
V000176;20240717;T04;PRD028;CLI0038;1;95700;0;95700
V000355;20240717;T04;PRD007;CLI0036;1;1521200;0;1521200
V000368;20240717;T02;PRD036;CLI0026;1;504500;0,1;454050
V000848;20240717;T01;PRD001;CLI0054;1;71800;0,15;61030
V000955;20240717;T01;PRD016;CLI0028;1;1450800;0;1450800
V000536;20240718;T04;PRD008;CLI0053;2;3133300;0,1;5639940
V000577;20240718;T05;PRD029;CLI0021;3;62900;0;188700
V000616;20240718;T02;PRD024;CLI0001;2;1147300;0,15;1950410
V000646;20240718;T02;PRD026;CLI0009;4;453800;0;1815200
V000965;20240718;T03;PRD022;CLI0025;1;270500;0;270500
V001686;20240718;T05;PRD034;CLI0080;2;247900;0;495800
V002111;20240718;T02;PRD010;CLI0034;1;1975400;0,05;1876630
V000035;20240719;T02;PRD035;CLI0038;1;237500;0;237500
V000090;20240719;T02;PRD002;CLI0027;1;53500;0;53500
V000335;20240719;T01;PRD036;CLI0078;1;485100;0,1;436590
V000449;20240719;T02;PRD001;CLI0035;2;72600;0;145200
V000768;20240719;T01;PRD005;CLI0041;1;158200;0,15;134470
V001102;20240719;T04;PRD034;CLI0057;3;246200;0,1;664740
V001186;20240719;T01;PRD033;CLI0039;1;1892400;0;1892400
V001927;20240719;T01;PRD031;CLI0055;1;35900;0;35900
V002047;20240719;T03;PRD036;CLI0006;3;502200;0;1506600
V000479;20240720;T05;PRD015;CLI0031;1;697400;0,15;592790
V000825;20240720;T01;PRD025;CLI0015;2;398900;0,05;757910
V000865;20240720;T01;PRD025;CLI0076;3;426400;0,05;1215240
V001475;20240720;T05;PRD010;CLI0014;3;1913000;0,15;4878150
V000041;20240721;T04;PRD022;CLI0071;1;269100;0,15;228735
V000109;20240721;T01;PRD002;CLI0064;1;51500;0,05;48925
V000653;20240721;T03;PRD023;CLI0041;1;1052700;0,15;894795
V001259;20240721;T01;PRD029;CLI0056;1;67000;0;67000
V000087;20240722;T01;PRD002;CLI0005;3;51400;0;154200
V000113;20240722;T04;PRD025;CLI0059;2;412900;0,1;743220
V001076;20240722;T05;PRD023;CLI0014;4;1114700;0,05;4235860
V001296;20240722;T02;PRD032;CLI0032;1;39400;0,05;37430
V001898;20240722;T03;PRD017;CLI0018;2;3284600;0;6569200
V001907;20240722;T04;PRD008;CLI0018;2;3131600;0,1;5636880
V000236;20240723;T02;PRD036;CLI0035;1;490800;0,15;417180
V000532;20240723;T02;PRD027;CLI0013;2;18000;0;36000
V000763;20240723;T02;PRD024;CLI0067;4;1152500;0,1;4149000
V000916;20240723;T03;PRD031;CLI0018;2;36600;0,1;65880
V001970;20240723;T05;PRD030;CLI0001;1;42100;0;42100
V000042;20240724;T04;PRD010;CLI0026;2;1930900;0,15;3282530
V000121;20240724;T02;PRD018;CLI0021;1;5098000;0;5098000
V000341;20240724;T04;PRD002;CLI0036;3;52800;0,15;134640
V000415;20240724;T02;PRD017;CLI0027;2;3296300;0;6592600
V000468;20240724;T02;PRD010;CLI0038;2;1994400;0;3988800
V000609;20240724;T02;PRD029;CLI0066;1;62400;0;62400
V001272;20240724;T02;PRD006;CLI0048;3;838500;0,15;2138175
V001104;20240725;T04;PRD010;CLI0025;1;1903200;0;1903200
V000378;20240726;T01;PRD009;CLI0066;1;4241200;0,05;4029140
V000493;20240726;T03;PRD029;CLI0074;2;63800;0;127600
V000698;20240726;T05;PRD008;CLI0077;2;3020700;0;6041400
V001612;20240726;T04;PRD005;CLI0054;3;161100;0;483300
V000277;20240727;T04;PRD002;CLI0066;1;50900;0,1;45810
V000433;20240727;T05;PRD022;CLI0055;1;271500;0;271500
V000450;20240727;T02;PRD002;CLI0078;2;51100;0;102200
V000832;20240727;T02;PRD026;CLI0012;2;419000;0,05;796100
V000977;20240727;T03;PRD021;CLI0031;2;157700;0;315400
V001150;20240727;T02;PRD032;CLI0032;2;39100;0;78200
V001314;20240727;T02;PRD011;CLI0042;2;771800;0;1543600
V001343;20240727;T01;PRD035;CLI0079;2;251900;0;503800
V002191;20240727;T02;PRD004;CLI0063;1;412700;0;412700
V000133;20240728;T02;PRD032;CLI0035;1;38500;0;38500
V000930;20240728;T04;PRD002;CLI0048;2;52800;0,1;95040
V001402;20240728;T02;PRD002;CLI0006;3;50100;0,1;135270
V000172;20240729;T01;PRD020;CLI0005;1;59600;0;59600
V000839;20240729;T02;PRD033;CLI0069;1;1826800;0,15;1552780
V001442;20240729;T04;PRD014;CLI0078;2;118900;0,15;202130
V001832;20240729;T01;PRD023;CLI0017;1;1096400;0;1096400
V001935;20240729;T04;PRD026;CLI0008;4;431800;0,15;1468120
V002051;20240729;T05;PRD008;CLI0018;1;2923300;0,15;2484805
V000669;20240730;T01;PRD028;CLI0003;1;95300;0,1;85770
V001082;20240730;T02;PRD031;CLI0073;2;35400;0,15;60180
V001224;20240730;T01;PRD004;CLI0036;1;441600;0;441600
V001735;20240730;T04;PRD033;CLI0032;4;1817200;0,1;6541920
V001949;20240730;T01;PRD008;CLI0040;1;3115700;0,05;2959915
V002134;20240730;T01;PRD020;CLI0042;2;60600;0,15;103020
V000389;20240731;T01;PRD032;CLI0005;2;39000;0;78000
V000742;20240731;T01;PRD003;CLI0040;3;203900;0;611700
V001392;20240731;T01;PRD013;CLI0036;1;272700;0,15;231795
V000055;20240801;T02;PRD036;CLI0068;1;504700;0;504700
V000079;20240801;T01;PRD014;CLI0072;1;115400;0;115400
V000758;20240801;T05;PRD012;CLI0044;1;1800200;0,05;1710190
V001861;20240801;T02;PRD029;CLI0016;1;64300;0,1;57870
V000981;20240802;T01;PRD027;CLI0014;3;18400;0;55200
V001422;20240802;T01;PRD001;CLI0077;3;75200;0,05;214320
V001516;20240802;T01;PRD002;CLI0052;1;54400;0,1;48960
V000456;20240803;T03;PRD010;CLI0056;3;1859000;0,15;4740450
V001691;20240803;T04;PRD018;CLI0034;3;5275600;0,1;14244120
V001920;20240803;T04;PRD021;CLI0053;4;158000;0,1;568800
V002030;20240803;T01;PRD027;CLI0068;4;17700;0;70800
V002114;20240803;T01;PRD009;CLI0003;1;4428700;0;4428700
V000518;20240804;T01;PRD016;CLI0002;2;1393200;0,15;2368440
V001062;20240804;T03;PRD003;CLI0005;2;209500;0,05;398050
V001416;20240804;T01;PRD003;CLI0007;4;209400;0,15;711960
V001712;20240804;T01;PRD012;CLI0071;1;1834100;0,15;1558985
V000847;20240805;T04;PRD025;CLI0026;2;409200;0,05;777480
V001050;20240805;T01;PRD003;CLI0078;2;214600;0,05;407740
V001108;20240805;T01;PRD035;CLI0070;4;245800;0,05;934040
V001450;20240805;T01;PRD018;CLI0043;1;4909500;0;4909500
V001880;20240805;T02;PRD033;CLI0038;1;1835500;0;1835500
V001931;20240805;T01;PRD022;CLI0080;1;268600;0,1;241740
V002102;20240805;T03;PRD001;CLI0024;1;72500;0;72500
V000125;20240806;T01;PRD032;CLI0068;3;40200;0,05;114570
V000636;20240806;T02;PRD031;CLI0067;2;38600;0,15;65620
V000905;20240806;T03;PRD018;CLI0022;2;5211700;0,05;9902230
V000966;20240806;T01;PRD025;CLI0036;1;427100;0;427100
V001022;20240806;T04;PRD020;CLI0029;1;58400;0;58400
V001473;20240806;T02;PRD007;CLI0080;4;1532900;0,05;5825020
V001633;20240806;T05;PRD019;CLI0053;2;51200;0,05;97280
V000421;20240807;T03;PRD009;CLI0064;2;4514500;0,1;8126100
V001345;20240807;T05;PRD020;CLI0079;3;59900;0;179700
V001458;20240807;T02;PRD001;CLI0012;2;75400;0,15;128180
V001504;20240807;T01;PRD001;CLI0045;1;78000;0,05;74100
V001614;20240807;T05;PRD033;CLI0010;1;1870000;0,1;1683000
V000485;20240808;T02;PRD036;CLI0065;1;487100;0;487100
V001234;20240808;T04;PRD014;CLI0020;4;122800;0,1;442080
V001281;20240808;T01;PRD012;CLI0050;2;1809500;0,15;3076150
V001968;20240808;T01;PRD012;CLI0059;2;1854600;0,1;3338280
V001700;20240809;T03;PRD019;CLI0039;2;47700;0,05;90630
V000317;20240810;T02;PRD022;CLI0051;1;275700;0;275700
V000394;20240810;T01;PRD027;CLI0061;1;18900;0,05;17955
V000700;20240810;T03;PRD021;CLI0052;2;153700;0,1;276660
V001069;20240810;T02;PRD005;CLI0064;2;153100;0,1;275580
V001126;20240810;T01;PRD020;CLI0066;3;62300;0,1;168210
V001336;20240810;T01;PRD027;CLI0066;4;19000;0;76000
V001394;20240810;T01;PRD037;CLI0026;1;361800;0,05;343710
V000540;20240811;T02;PRD032;CLI0053;1;41900;0;41900
V000637;20240811;T02;PRD013;CLI0057;1;268700;0,15;228395
V000744;20240811;T03;PRD025;CLI0021;3;393100;0;1179300
V000989;20240811;T01;PRD037;CLI0024;1;339200;0;339200
V001315;20240811;T03;PRD015;CLI0046;1;655000;0;655000
V002085;20240811;T01;PRD016;CLI0023;2;1402100;0;2804200
V000039;20240812;T03;PRD021;CLI0052;2;152200;0,05;289180
V000784;20240812;T01;PRD004;CLI0055;1;445700;0;445700
V000884;20240812;T01;PRD033;CLI0028;1;1902800;0,05;1807660
V001189;20240812;T03;PRD001;CLI0015;1;76700;0;76700
V001335;20240812;T04;PRD034;CLI0029;2;269100;0;538200
V001493;20240812;T02;PRD028;CLI0076;3;96300;0;288900
V001593;20240812;T02;PRD002;CLI0007;3;54300;0,1;146610
V001619;20240812;T03;PRD005;CLI0035;1;158100;0;158100
V001690;20240812;T02;PRD027;CLI0056;3;19000;0,15;48450
V000199;20240813;T02;PRD012;CLI0053;1;1846800;0,05;1754460
V000523;20240813;T03;PRD034;CLI0012;2;262000;0,05;497800
V001060;20240813;T03;PRD026;CLI0074;1;442300;0;442300
V000466;20240814;T02;PRD028;CLI0045;1;96400;0;96400
V001045;20240814;T02;PRD011;CLI0020;1;773700;0;773700
V001140;20240814;T02;PRD030;CLI0047;4;44000;0,1;158400
V001954;20240814;T05;PRD004;CLI0032;1;413600;0,15;351560
V000979;20240815;T03;PRD008;CLI0055;3;3120700;0;9362100
V001306;20240815;T03;PRD028;CLI0002;2;99700;0,15;169490
V001816;20240815;T01;PRD022;CLI0080;1;264600;0;264600
V002059;20240815;T01;PRD008;CLI0065;2;3045000;0,05;5785500
V000194;20240816;T04;PRD036;CLI0014;3;491400;0,15;1253070
V000489;20240816;T01;PRD012;CLI0068;2;1930300;0;3860600
V000675;20240816;T02;PRD033;CLI0049;3;1872200;0;5616600
V000828;20240816;T03;PRD031;CLI0067;1;36200;0;36200
V000855;20240816;T01;PRD004;CLI0071;3;419700;0;1259100
V001229;20240816;T02;PRD027;CLI0073;2;19100;0,15;32470
V001243;20240816;T04;PRD001;CLI0012;3;76400;0;229200
V000034;20240817;T03;PRD010;CLI0052;2;1864100;0,15;3168970
V000874;20240817;T02;PRD025;CLI0065;4;425400;0;1701600
V000903;20240817;T02;PRD008;CLI0055;4;3202100;0,05;12167980
V001287;20240817;T04;PRD021;CLI0044;3;159600;0,15;406980
V001481;20240817;T01;PRD002;CLI0043;4;52700;0,05;200260
V001842;20240817;T03;PRD018;CLI0046;2;5221400;0;10442800
V002137;20240817;T02;PRD034;CLI0022;1;248200;0;248200
V000117;20240818;T02;PRD001;CLI0049;2;74300;0,15;126310
V000476;20240818;T02;PRD005;CLI0038;3;158800;0,1;428760
V000772;20240818;T01;PRD016;CLI0073;1;1442900;0;1442900
V000819;20240818;T01;PRD005;CLI0061;1;157400;0,05;149530
V002176;20240818;T02;PRD031;CLI0035;3;38600;0,1;104220
V000936;20240819;T02;PRD003;CLI0038;2;217600;0;435200
V001443;20240819;T03;PRD027;CLI0044;1;18900;0;18900
V002064;20240819;T02;PRD009;CLI0025;1;4543600;0,1;4089240
V000160;20240820;T02;PRD011;CLI0018;2;787900;0,1;1418220
V000431;20240820;T03;PRD024;CLI0058;1;1186000;0,05;1126700
V001241;20240820;T05;PRD003;CLI0027;1;219000;0,05;208050
V000668;20240821;T01;PRD022;CLI0066;1;277200;0;277200
V001543;20240821;T05;PRD022;CLI0058;1;265300;0,1;238770
V000197;20240822;T02;PRD026;CLI0033;2;444800;0;889600
V000816;20240822;T01;PRD017;CLI0058;3;3514500;0;10543500
V001043;20240822;T01;PRD026;CLI0043;1;431400;0;431400
V002159;20240822;T03;PRD034;CLI0019;4;254300;0,1;915480
V000347;20240823;T01;PRD025;CLI0042;3;406800;0;1220400
V000826;20240823;T02;PRD021;CLI0015;2;150900;0;301800
V001547;20240823;T03;PRD027;CLI0030;1;18200;0,05;17290
V001627;20240823;T01;PRD008;CLI0003;2;3111600;0,15;5289720
V000076;20240824;T02;PRD019;CLI0074;1;47700;0;47700
V000420;20240824;T05;PRD037;CLI0021;1;334400;0;334400
V000629;20240824;T01;PRD029;CLI0016;1;64100;0;64100
V000940;20240824;T01;PRD035;CLI0014;4;242900;0;971600
V001325;20240824;T04;PRD007;CLI0064;2;1470300;0;2940600
V000380;20240825;T04;PRD001;CLI0006;2;72700;0,05;138130
V001206;20240825;T01;PRD033;CLI0068;3;1883100;0,05;5366835
V001435;20240825;T01;PRD038;CLI0066;1;583700;0;583700
V001530;20240825;T01;PRD029;CLI0075;1;63600;0;63600
V001738;20240825;T04;PRD020;CLI0023;4;57200;0,15;194480
V001850;20240825;T01;PRD012;CLI0054;4;1885200;0,1;6786720
V000013;20240826;T05;PRD033;CLI0010;3;1823100;0;5469300
V000099;20240826;T01;PRD020;CLI0034;2;57500;0;115000
V000574;20240826;T03;PRD009;CLI0008;1;4160100;0;4160100
V001027;20240826;T02;PRD001;CLI0036;3;74000;0,05;210900
V001163;20240826;T01;PRD020;CLI0031;2;62700;0;125400
V001205;20240826;T01;PRD010;CLI0031;3;1856600;0,15;4734330
V001220;20240826;T04;PRD018;CLI0064;2;5136500;0;10273000
V001228;20240826;T02;PRD005;CLI0041;4;160500;0;642000
V001371;20240826;T03;PRD004;CLI0059;1;428800;0,15;364480
V001391;20240826;T02;PRD020;CLI0042;1;60700;0,15;51595
V001461;20240826;T05;PRD004;CLI0079;1;428600;0,05;407170
V001796;20240826;T01;PRD026;CLI0069;1;430800;0;430800
V001922;20240826;T03;PRD001;CLI0044;4;73200;0,1;263520
V002177;20240826;T01;PRD032;CLI0002;2;41500;0,05;78850
V000372;20240827;T04;PRD014;CLI0008;3;116500;0;349500
V000664;20240827;T03;PRD017;CLI0030;1;3319800;0;3319800
V001310;20240827;T01;PRD023;CLI0018;1;1054600;0;1054600
V001563;20240827;T01;PRD025;CLI0021;4;419300;0,15;1425620
V001807;20240827;T03;PRD017;CLI0004;4;3418600;0;13674400
V000026;20240828;T04;PRD037;CLI0020;1;332100;0,15;282285
V000454;20240828;T02;PRD019;CLI0004;3;50300;0;150900
V000575;20240828;T05;PRD026;CLI0054;1;460300;0,1;414270
V000606;20240828;T04;PRD036;CLI0033;1;491800;0,15;418030
V000712;20240828;T01;PRD015;CLI0065;1;678700;0;678700
V000799;20240828;T01;PRD010;CLI0006;1;1949400;0;1949400
V001388;20240828;T04;PRD037;CLI0030;2;346900;0,05;659110
V001508;20240828;T02;PRD010;CLI0021;1;1978600;0,1;1780740
V001570;20240828;T03;PRD036;CLI0021;4;507500;0;2030000
V001640;20240828;T02;PRD001;CLI0013;1;74900;0,15;63665
V001826;20240828;T04;PRD021;CLI0012;1;157900;0;157900
V001886;20240828;T04;PRD003;CLI0020;1;213300;0;213300
V001892;20240828;T02;PRD038;CLI0060;1;561200;0,05;533140
V000258;20240829;T05;PRD017;CLI0028;4;3311600;0,05;12584080
V000322;20240829;T02;PRD026;CLI0036;1;452300;0;452300
V000362;20240829;T03;PRD016;CLI0058;2;1427000;0,15;2425900
V001382;20240829;T02;PRD024;CLI0044;1;1114900;0;1114900
V001938;20240829;T05;PRD024;CLI0067;2;1134000;0,1;2041200
V002067;20240829;T01;PRD037;CLI0024;3;352200;0,15;898110
V002136;20240829;T01;PRD027;CLI0037;4;18600;0;74400
V000439;20240830;T05;PRD008;CLI0033;1;3196800;0;3196800
V000539;20240830;T04;PRD036;CLI0066;1;493900;0;493900
V000999;20240830;T02;PRD025;CLI0036;2;416900;0,15;708730
V000743;20240831;T01;PRD038;CLI0014;1;559200;0,15;475320
V001170;20240831;T03;PRD016;CLI0062;3;1510700;0;4532100
V001179;20240831;T04;PRD009;CLI0011;4;4337900;0;17351600
V001883;20240831;T04;PRD020;CLI0033;1;61800;0,15;52530
V002027;20240831;T01;PRD032;CLI0051;2;40000;0;80000
V002150;20240831;T04;PRD030;CLI0071;2;41900;0;83800
V000333;20240901;T03;PRD019;CLI0034;2;47800;0,05;90820
V000552;20240901;T02;PRD018;CLI0050;1;4962200;0;4962200
V000941;20240901;T01;PRD020;CLI0054;1;58000;0,1;52200
V000948;20240901;T01;PRD014;CLI0072;3;122000;0;366000
V001059;20240901;T02;PRD024;CLI0064;1;1096000;0,05;1041200
V002084;20240901;T01;PRD005;CLI0041;2;147500;0,1;265500
V000031;20240902;T01;PRD009;CLI0071;2;4202000;0,1;7563600
V001083;20240902;T04;PRD034;CLI0045;1;262300;0,15;222955
V001460;20240902;T05;PRD026;CLI0024;2;434800;0,1;782640
V002026;20240902;T02;PRD018;CLI0009;2;5069600;0,1;9125280
V000095;20240903;T01;PRD004;CLI0046;1;440400;0,05;418380
V000305;20240903;T05;PRD036;CLI0040;4;496500;0,05;1886700
V000338;20240903;T05;PRD005;CLI0021;1;162600;0,1;146340
V001733;20240903;T01;PRD038;CLI0031;1;589400;0,1;530460
V000061;20240904;T02;PRD038;CLI0061;2;598900;0,15;1018130
V000070;20240904;T04;PRD017;CLI0001;4;3440400;0,05;13073520
V000301;20240904;T03;PRD006;CLI0050;4;830800;0;3323200
V000935;20240904;T03;PRD031;CLI0006;1;38400;0;38400
V000432;20240905;T02;PRD001;CLI0049;3;72800;0;218400
V000707;20240905;T02;PRD017;CLI0050;3;3370400;0;10111200
V001070;20240905;T01;PRD030;CLI0047;3;42200;0;126600
V001383;20240905;T02;PRD038;CLI0063;4;591900;0,05;2249220
V001528;20240905;T01;PRD006;CLI0018;3;791800;0;2375400
V001529;20240905;T01;PRD028;CLI0030;1;98600;0,1;88740
V001572;20240905;T05;PRD010;CLI0070;2;1882000;0;3764000
V000803;20240906;T02;PRD034;CLI0064;1;265700;0;265700
V001064;20240906;T01;PRD006;CLI0036;1;823600;0,15;700060
V001284;20240906;T04;PRD024;CLI0060;1;1166900;0,15;991865
V001545;20240906;T01;PRD023;CLI0022;1;1077600;0,15;915960
V001737;20240906;T02;PRD033;CLI0046;1;1963600;0,05;1865420
V002033;20240906;T05;PRD027;CLI0053;1;18900;0;18900
V001270;20240907;T01;PRD001;CLI0006;1;77600;0;77600
V001319;20240907;T03;PRD019;CLI0026;4;48100;0;192400
V002054;20240907;T02;PRD032;CLI0014;3;39300;0,1;106110
V000029;20240908;T04;PRD018;CLI0013;3;4950700;0,1;13366890
V000447;20240908;T03;PRD024;CLI0052;2;1096800;0,1;1974240
V000695;20240908;T05;PRD015;CLI0077;1;686100;0,1;617490
V000928;20240908;T01;PRD030;CLI0030;4;43100;0,1;155160
V001300;20240908;T03;PRD020;CLI0062;4;60300;0;241200
V001810;20240908;T03;PRD001;CLI0032;1;76000;0,15;64600
V000078;20240909;T02;PRD018;CLI0034;4;5236200;0,15;17803080
V000142;20240909;T02;PRD006;CLI0074;2;833400;0;1666800
V001358;20240909;T04;PRD007;CLI0060;1;1422200;0;1422200
V001855;20240909;T01;PRD001;CLI0053;1;76100;0;76100
V000033;20240910;T03;PRD017;CLI0012;1;3313300;0,15;2816305
V000549;20240910;T02;PRD009;CLI0074;2;4321100;0,1;7777980
V000915;20240910;T02;PRD021;CLI0020;2;156300;0,1;281340
V000946;20240910;T03;PRD030;CLI0035;2;42900;0;85800
V001494;20240910;T01;PRD032;CLI0059;1;41900;0;41900
V001500;20240910;T04;PRD003;CLI0020;4;208500;0,15;708900
V001616;20240910;T03;PRD009;CLI0058;1;4304500;0,15;3658825
V002039;20240910;T01;PRD027;CLI0037;1;18400;0,15;15640
V002068;20240910;T01;PRD026;CLI0078;1;441100;0,15;374935
V002070;20240910;T02;PRD035;CLI0040;2;240700;0,1;433260
V002094;20240910;T01;PRD022;CLI0020;2;277100;0;554200
V000238;20240911;T01;PRD023;CLI0079;1;1130100;0;1130100
V000296;20240911;T02;PRD036;CLI0058;1;483900;0;483900
V000314;20240911;T04;PRD016;CLI0075;1;1454100;0;1454100
V000774;20240911;T01;PRD028;CLI0002;4;98900;0;395600
V000889;20240911;T01;PRD001;CLI0019;2;72900;0,1;131220
V001659;20240911;T02;PRD023;CLI0004;1;1082300;0,15;919955
V000562;20240912;T03;PRD023;CLI0027;2;1052900;0,05;2000510
V001689;20240912;T01;PRD028;CLI0053;2;100700;0;201400
V000001;20240913;T04;PRD029;CLI0011;3;65100;0,05;185535
V000443;20240913;T02;PRD026;CLI0034;4;421300;0;1685200
V000483;20240913;T05;PRD003;CLI0020;1;203400;0;203400
V001328;20240913;T03;PRD001;CLI0073;4;71300;0,05;270940
V001401;20240913;T02;PRD029;CLI0053;1;64900;0,15;55165
V001741;20240913;T05;PRD006;CLI0020;1;776700;0;776700
V001803;20240913;T01;PRD026;CLI0045;1;442100;0;442100
V001936;20240913;T01;PRD020;CLI0057;1;57600;0,15;48960
V001400;20240914;T05;PRD025;CLI0055;1;426700;0;426700
V001671;20240914;T02;PRD023;CLI0076;4;1045700;0,15;3555380
V001823;20240914;T02;PRD027;CLI0029;1;19400;0;19400
V001868;20240914;T01;PRD038;CLI0046;2;592500;0,1;1066500
V002092;20240914;T02;PRD021;CLI0068;3;161700;0;485100
V000397;20240915;T02;PRD001;CLI0016;4;76000;0;304000
V000580;20240915;T02;PRD010;CLI0045;2;1865200;0;3730400
V000621;20240915;T01;PRD021;CLI0067;2;161300;0,05;306470
V000868;20240915;T01;PRD033;CLI0028;1;1839900;0,1;1655910
V000974;20240915;T04;PRD020;CLI0030;1;57700;0,1;51930
V001715;20240915;T03;PRD007;CLI0070;1;1509300;0;1509300
V002020;20240915;T02;PRD008;CLI0005;1;3189800;0;3189800
V002180;20240915;T03;PRD003;CLI0002;1;203900;0;203900
V000054;20240916;T03;PRD031;CLI0062;2;36500;0;73000
V001016;20240916;T03;PRD012;CLI0021;3;1827200;0,1;4933440
V001767;20240916;T01;PRD002;CLI0059;1;52500;0;52500
V001947;20240916;T03;PRD012;CLI0061;4;1807300;0,1;6506280
V000179;20240917;T02;PRD035;CLI0032;1;258200;0,15;219470
V000234;20240917;T03;PRD007;CLI0035;3;1501600;0;4504800
V000387;20240917;T02;PRD023;CLI0053;2;1135900;0;2271800
V000737;20240917;T01;PRD023;CLI0036;1;1058100;0,05;1005195
V001131;20240917;T02;PRD010;CLI0037;2;1844200;0;3688400
V001365;20240917;T02;PRD025;CLI0001;1;425100;0,15;361335
V001433;20240917;T02;PRD007;CLI0046;3;1528700;0;4586100
V001634;20240917;T02;PRD001;CLI0032;1;74700;0,05;70965
V001854;20240917;T03;PRD017;CLI0020;2;3237100;0,1;5826780
V001962;20240917;T01;PRD030;CLI0027;1;44000;0,15;37400
V002164;20240917;T02;PRD017;CLI0014;4;3361200;0;13444800
V000789;20240918;T04;PRD038;CLI0067;1;586500;0;586500
V000897;20240918;T01;PRD025;CLI0080;4;413500;0,15;1405900
V001298;20240918;T02;PRD004;CLI0037;2;436500;0,1;785700
V001413;20240918;T02;PRD028;CLI0062;2;101700;0,15;172890
V001587;20240918;T01;PRD021;CLI0017;2;156700;0,15;266390
V001958;20240918;T04;PRD021;CLI0056;4;149800;0,1;539280
V000014;20240919;T02;PRD036;CLI0062;1;483300;0,1;434970
V001424;20240919;T04;PRD017;CLI0017;1;3367500;0,15;2862375
V001808;20240919;T04;PRD016;CLI0034;3;1461400;0,05;4164990
V000146;20240920;T01;PRD014;CLI0076;3;120300;0;360900
V000876;20240920;T01;PRD002;CLI0009;1;49800;0;49800
V001379;20240920;T02;PRD019;CLI0022;2;49500;0,05;94050
V001386;20240920;T01;PRD028;CLI0003;1;95500;0;95500
V001519;20240920;T02;PRD018;CLI0073;1;4928600;0;4928600
V001779;20240920;T02;PRD005;CLI0024;4;151300;0,05;574940
V001889;20240920;T02;PRD018;CLI0031;1;5180700;0,05;4921665
V000241;20240921;T03;PRD036;CLI0077;2;487800;0;975600
V000381;20240921;T01;PRD016;CLI0075;1;1404500;0,15;1193825
V000914;20240921;T01;PRD023;CLI0024;1;1080800;0;1080800
V001052;20240921;T05;PRD034;CLI0025;2;261900;0;523800
V001651;20240921;T03;PRD014;CLI0052;1;120000;0,1;108000
V001662;20240921;T02;PRD037;CLI0018;1;339200;0,1;305280
V001867;20240921;T04;PRD029;CLI0078;2;63800;0;127600
V001977;20240921;T05;PRD012;CLI0049;3;1795700;0;5387100
V000414;20240922;T03;PRD030;CLI0022;3;41900;0;125700
V000528;20240923;T02;PRD029;CLI0026;2;63300;0;126600
V000613;20240923;T01;PRD007;CLI0028;1;1483200;0,05;1409040
V001137;20240923;T02;PRD006;CLI0044;1;801700;0,1;721530
V001138;20240923;T02;PRD022;CLI0004;1;281100;0;281100
V001232;20240923;T04;PRD029;CLI0038;1;65100;0,1;58590
V001483;20240923;T02;PRD015;CLI0063;3;647400;0;1942200
V001594;20240923;T05;PRD024;CLI0075;4;1179100;0;4716400
V001821;20240923;T03;PRD025;CLI0053;2;408500;0,05;776150
V000666;20240924;T03;PRD030;CLI0071;1;43100;0,1;38790
V002165;20240924;T05;PRD004;CLI0045;1;407500;0,1;366750
V000169;20240925;T02;PRD013;CLI0063;2;275600;0,1;496080
V000858;20240925;T04;PRD003;CLI0041;1;214000;0,15;181900
V000302;20240926;T03;PRD024;CLI0006;3;1142000;0;3426000
V000358;20240926;T01;PRD020;CLI0029;1;61300;0;61300
V001114;20240926;T02;PRD015;CLI0067;2;640300;0,1;1152540
V001853;20240926;T03;PRD009;CLI0012;2;4398500;0;8797000
V001360;20240927;T01;PRD024;CLI0039;1;1122000;0;1122000
V001696;20240927;T01;PRD020;CLI0036;1;62200;0,1;55980
V001971;20240927;T02;PRD030;CLI0072;1;41800;0;41800
V002083;20240927;T04;PRD033;CLI0035;2;1839900;0;3679800
V000280;20240928;T02;PRD031;CLI0016;1;38700;0,1;34830
V000576;20240928;T01;PRD005;CLI0070;3;147300;0;441900
V001090;20240929;T01;PRD001;CLI0015;4;78000;0,15;265200
V001623;20240929;T03;PRD006;CLI0041;1;798200;0,05;758290
V001642;20240929;T01;PRD011;CLI0046;2;794400;0;1588800
V001932;20240929;T02;PRD008;CLI0060;1;3050500;0;3050500
V000092;20240930;T01;PRD029;CLI0027;1;62100;0,15;52785
V000119;20240930;T02;PRD001;CLI0077;3;71500;0;214500
V000508;20240930;T03;PRD037;CLI0052;2;343000;0;686000
V000785;20240930;T01;PRD012;CLI0002;3;1815200;0;5445600
V000899;20240930;T02;PRD031;CLI0002;3;38700;0;116100
V001036;20240930;T01;PRD036;CLI0017;1;495100;0;495100
V001276;20240930;T01;PRD013;CLI0035;4;254600;0,15;865640
V001452;20240930;T05;PRD001;CLI0024;2;77100;0;154200
V001496;20240930;T02;PRD018;CLI0017;1;4955100;0,15;4211835
V002120;20240930;T05;PRD014;CLI0024;1;111900;0,1;100710
V000794;20241001;T02;PRD013;CLI0034;2;274800;0,1;494640
V001812;20241001;T01;PRD030;CLI0079;1;42900;0,05;40755
V002145;20241001;T02;PRD016;CLI0075;2;1488800;0,15;2530960
V000343;20241002;T01;PRD021;CLI0023;2;154100;0;308200
V000801;20241002;T02;PRD010;CLI0058;1;1903100;0,15;1617635
V001211;20241002;T04;PRD024;CLI0074;1;1144800;0,1;1030320
V001592;20241002;T01;PRD021;CLI0062;2;159000;0;318000
V001600;20241002;T02;PRD033;CLI0054;1;1806900;0;1806900
V000920;20241003;T02;PRD003;CLI0018;4;219200;0,05;832960
V000931;20241003;T01;PRD011;CLI0060;2;797100;0;1594200
V001204;20241003;T02;PRD003;CLI0043;1;210800;0,1;189720
V001225;20241003;T02;PRD024;CLI0043;2;1185100;0,1;2133180
V001291;20241003;T01;PRD017;CLI0022;1;3519100;0,1;3167190
V001495;20241003;T01;PRD010;CLI0008;3;2019400;0;6058200
V001992;20241003;T01;PRD004;CLI0072;1;420200;0;420200
V002171;20241003;T01;PRD014;CLI0012;1;120400;0;120400
V000417;20241004;T04;PRD004;CLI0020;2;404600;0;809200
V001134;20241004;T01;PRD003;CLI0062;1;213600;0;213600
V001381;20241004;T02;PRD014;CLI0028;4;123200;0;492800
V001470;20241004;T01;PRD018;CLI0006;1;5014100;0;5014100
V001515;20241004;T01;PRD038;CLI0004;4;561600;0;2246400
V001527;20241004;T01;PRD003;CLI0045;3;204100;0;612300
V001551;20241004;T02;PRD015;CLI0061;4;678500;0,15;2306900
V001677;20241004;T01;PRD015;CLI0049;2;689300;0,1;1240740
V001709;20241005;T01;PRD016;CLI0011;1;1464400;0;1464400
V000428;20241006;T05;PRD003;CLI0048;1;209700;0,05;199215
V000527;20241006;T03;PRD022;CLI0017;4;279300;0,05;1061340
V000699;20241006;T01;PRD027;CLI0026;1;17900;0;17900
V001175;20241006;T05;PRD016;CLI0034;2;1439600;0;2879200
V001562;20241006;T01;PRD029;CLI0021;4;65700;0,15;223380
V001985;20241006;T04;PRD010;CLI0058;2;1972100;0,05;3746990
V002078;20241006;T02;PRD008;CLI0067;2;3061000;0,15;5203700
V000153;20241007;T05;PRD023;CLI0049;3;1100600;0;3301800
V000638;20241007;T04;PRD009;CLI0055;1;4217400;0,1;3795660
V000797;20241007;T01;PRD038;CLI0029;1;564300;0,05;536085
V000862;20241007;T02;PRD036;CLI0069;4;472200;0;1888800
V001267;20241007;T03;PRD024;CLI0005;2;1161700;0,15;1974890
V001471;20241007;T04;PRD033;CLI0018;1;1814100;0,05;1723395
V000853;20241008;T05;PRD038;CLI0020;1;604400;0;604400
V001215;20241008;T05;PRD011;CLI0005;1;776000;0,15;659600
V001511;20241008;T03;PRD026;CLI0068;1;438300;0,05;416385
V001982;20241008;T03;PRD002;CLI0041;1;50700;0;50700
V000596;20241009;T04;PRD007;CLI0039;1;1443100;0,05;1370945
V000648;20241009;T04;PRD024;CLI0019;2;1112700;0,05;2114130
V001337;20241009;T05;PRD002;CLI0078;2;53400;0;106800
V001929;20241009;T05;PRD031;CLI0019;2;37300;0,1;67140
V001951;20241009;T01;PRD025;CLI0002;1;406400;0,1;365760
V001984;20241009;T03;PRD002;CLI0056;2;49700;0;99400
V000101;20241010;T04;PRD032;CLI0026;1;40400;0,15;34340
V000223;20241010;T04;PRD005;CLI0079;2;161900;0,15;275230
V000246;20241010;T01;PRD029;CLI0029;3;62700;0;188100
V001355;20241010;T03;PRD030;CLI0018;2;42600;0;85200
V001497;20241010;T04;PRD008;CLI0024;1;2982000;0,05;2832900
V000290;20241011;T03;PRD015;CLI0060;4;663400;0,05;2520920
V000482;20241011;T02;PRD020;CLI0072;1;58000;0;58000
V000525;20241011;T05;PRD022;CLI0001;4;273700;0;1094800
V000895;20241011;T03;PRD010;CLI0032;2;1921700;0;3843400
V000922;20241011;T03;PRD013;CLI0071;2;271900;0;543800
V001063;20241011;T01;PRD018;CLI0057;3;5185000;0;15555000
V001203;20241011;T01;PRD013;CLI0068;1;257700;0,15;219045
V001396;20241011;T04;PRD004;CLI0032;1;430300;0,05;408785
V001639;20241011;T01;PRD021;CLI0075;4;161000;0;644000
V001822;20241011;T03;PRD029;CLI0040;3;66300;0;198900
V001830;20241011;T01;PRD006;CLI0044;2;794400;0,05;1509360
V002013;20241011;T04;PRD021;CLI0044;3;157800;0;473400
V000328;20241012;T01;PRD033;CLI0039;2;1853100;0,05;3520890
V000988;20241012;T03;PRD028;CLI0015;1;97900;0;97900
V001233;20241012;T01;PRD007;CLI0060;1;1434700;0,1;1291230
V002004;20241012;T04;PRD014;CLI0028;1;123100;0,05;116945
V002138;20241012;T01;PRD013;CLI0010;2;260600;0,15;443020
V000933;20241013;T01;PRD027;CLI0013;1;18000;0;18000
V001209;20241013;T05;PRD038;CLI0073;1;583200;0,15;495720
V001957;20241013;T02;PRD038;CLI0019;2;612800;0;1225600
V000642;20241014;T03;PRD029;CLI0040;2;66200;0,1;119160
V000751;20241014;T05;PRD007;CLI0054;1;1461400;0,05;1388330
V000790;20241014;T01;PRD018;CLI0069;1;4952100;0;4952100
V000957;20241014;T01;PRD016;CLI0047;2;1385000;0;2770000
V001058;20241014;T05;PRD008;CLI0046;1;3063800;0;3063800
V001332;20241014;T02;PRD011;CLI0024;4;750200;0,05;2850760
V001444;20241014;T02;PRD002;CLI0070;2;51300;0,1;92340
V002009;20241014;T04;PRD018;CLI0079;3;5338500;0;16015500
V000116;20241015;T05;PRD024;CLI0032;2;1165000;0;2330000
V000602;20241015;T01;PRD036;CLI0005;1;496400;0;496400
V001837;20241015;T05;PRD021;CLI0029;4;157100;0,15;534140
V000281;20241016;T05;PRD006;CLI0079;1;826300;0;826300
V000568;20241016;T04;PRD022;CLI0068;2;276400;0;552800
V000706;20241016;T03;PRD011;CLI0022;1;793600;0;793600
V000745;20241016;T01;PRD038;CLI0016;1;609600;0;609600
V001202;20241016;T01;PRD003;CLI0056;2;207800;0,15;353260
V001297;20241016;T02;PRD003;CLI0031;2;201700;0,05;383230
V001746;20241016;T02;PRD009;CLI0061;1;4136900;0,1;3723210
V000410;20241017;T01;PRD038;CLI0070;2;561900;0,15;955230
V001565;20241017;T02;PRD036;CLI0047;4;476500;0,1;1715400
V001865;20241017;T01;PRD029;CLI0059;1;66600;0,15;56610
V001945;20241017;T01;PRD036;CLI0023;3;515900;0;1547700
V002025;20241017;T01;PRD026;CLI0016;1;428600;0;428600
V002109;20241017;T04;PRD016;CLI0051;1;1494300;0;1494300
V000108;20241018;T03;PRD011;CLI0061;3;754400;0,15;1923720
V001024;20241018;T02;PRD013;CLI0003;1;257600;0,15;218960
V001665;20241018;T05;PRD007;CLI0049;1;1495400;0;1495400
V001698;20241018;T01;PRD009;CLI0050;1;4269500;0,05;4056025
V002016;20241018;T04;PRD029;CLI0046;1;65100;0;65100
V000017;20241019;T03;PRD037;CLI0075;1;346800;0,1;312120
V000269;20241019;T04;PRD037;CLI0008;1;337100;0;337100
V000401;20241019;T05;PRD012;CLI0061;1;1877900;0;1877900
V000810;20241019;T05;PRD038;CLI0062;2;587100;0,15;998070
V000879;20241019;T02;PRD028;CLI0020;1;102000;0,1;91800
V001159;20241019;T01;PRD002;CLI0010;1;52600;0,05;49970
V000997;20241020;T05;PRD013;CLI0025;4;263800;0,15;896920
V001028;20241020;T01;PRD020;CLI0067;2;62700;0;125400
V001262;20241020;T01;PRD024;CLI0070;1;1107400;0;1107400
V001406;20241020;T02;PRD007;CLI0078;1;1436200;0;1436200
V001762;20241020;T04;PRD013;CLI0017;2;275300;0;550600
V000181;20241021;T03;PRD029;CLI0045;1;66400;0,1;59760
V000309;20241021;T01;PRD009;CLI0046;4;4535600;0;18142400
V000683;20241021;T04;PRD007;CLI0061;4;1506400;0,15;5121760
V000846;20241021;T03;PRD002;CLI0058;4;50600;0,1;182160
V001171;20241021;T04;PRD011;CLI0058;1;744000;0;744000
V001609;20241021;T01;PRD009;CLI0046;1;4280900;0,1;3852810
V000127;20241022;T01;PRD033;CLI0030;3;1950900;0;5852700
V000507;20241022;T01;PRD033;CLI0037;2;1963600;0;3927200
V000306;20241023;T01;PRD016;CLI0042;2;1511100;0;3022200
V000334;20241023;T01;PRD027;CLI0059;1;18400;0,15;15640
V001397;20241023;T03;PRD002;CLI0007;3;50100;0;150300
V001648;20241023;T01;PRD031;CLI0009;1;35600;0,15;30260
V001986;20241023;T04;PRD033;CLI0060;2;1818500;0;3637000
V000620;20241024;T05;PRD033;CLI0006;3;1938000;0;5814000
V000813;20241024;T01;PRD029;CLI0044;4;68100;0,05;258780
V001341;20241024;T04;PRD004;CLI0073;2;426700;0,05;810730
V001513;20241024;T03;PRD034;CLI0004;2;257500;0;515000
V001756;20241024;T01;PRD014;CLI0066;2;112000;0,1;201600
V001820;20241024;T03;PRD014;CLI0046;4;120800;0,15;410720
V002142;20241024;T01;PRD017;CLI0065;2;3326000;0,05;6319400
V002188;20241024;T03;PRD035;CLI0036;1;252400;0,1;227160
V001249;20241025;T05;PRD008;CLI0020;1;3072500;0,15;2611625
V001973;20241025;T01;PRD001;CLI0045;1;74800;0;74800
V000243;20241026;T01;PRD015;CLI0016;1;681400;0,05;647330
V000782;20241026;T04;PRD009;CLI0016;2;4321800;0;8643600
V000814;20241026;T01;PRD015;CLI0039;3;641500;0,05;1828275
V001039;20241026;T01;PRD035;CLI0054;4;242100;0;968400
V001073;20241026;T02;PRD020;CLI0002;1;57800;0,05;54910
V001095;20241026;T04;PRD006;CLI0071;3;817200;0;2451600
V001208;20241026;T02;PRD011;CLI0035;2;734000;0;1468000
V001307;20241026;T02;PRD023;CLI0050;1;1138500;0;1138500
V001514;20241026;T02;PRD012;CLI0002;4;1897200;0;7588800
V001783;20241026;T05;PRD030;CLI0031;2;40800;0;81600
V000388;20241027;T05;PRD019;CLI0011;3;48800;0;146400
V001426;20241027;T01;PRD027;CLI0080;2;18700;0;37400
V001725;20241027;T02;PRD026;CLI0060;1;432200;0;432200
V001838;20241027;T01;PRD038;CLI0052;1;612700;0,05;582065
V002187;20241027;T01;PRD012;CLI0080;2;1941800;0;3883600
V000543;20241028;T01;PRD013;CLI0072;2;272300;0,1;490140
V000550;20241028;T05;PRD007;CLI0037;1;1530500;0,05;1453975
V000634;20241028;T04;PRD003;CLI0050;1;207000;0;207000
V000992;20241028;T05;PRD038;CLI0049;1;581700;0;581700
V001080;20241028;T01;PRD007;CLI0010;2;1521000;0,15;2585700
V001324;20241028;T05;PRD036;CLI0028;1;480700;0,05;456665
V000120;20241029;T05;PRD014;CLI0023;2;113800;0;227600
V000496;20241029;T02;PRD025;CLI0052;2;400100;0,05;760190
V000680;20241029;T02;PRD011;CLI0024;2;724400;0;1448800
V001057;20241029;T03;PRD021;CLI0031;2;158400;0;316800
V001602;20241029;T01;PRD018;CLI0056;1;5041500;0,1;4537350
V001778;20241029;T05;PRD019;CLI0060;3;50800;0,05;144780
V002157;20241029;T03;PRD038;CLI0055;2;598200;0;1196400
V000429;20241030;T05;PRD019;CLI0013;1;49700;0;49700
V001103;20241030;T02;PRD030;CLI0006;2;43400;0,1;78120
V000427;20241031;T04;PRD034;CLI0058;4;252900;0,05;961020
V000512;20241031;T05;PRD018;CLI0053;4;5234100;0;20936400
V000687;20241031;T05;PRD009;CLI0073;2;4378400;0,05;8318960
V000795;20241031;T05;PRD018;CLI0039;1;5292600;0,1;4763340
V000901;20241031;T02;PRD006;CLI0017;2;812000;0;1624000
V000311;20241101;T01;PRD010;CLI0073;4;1981500;0,05;7529700
V000558;20241101;T01;PRD036;CLI0017;2;493800;0;987600
V001000;20241101;T03;PRD011;CLI0080;2;742400;0;1484800
V001231;20241101;T01;PRD003;CLI0023;4;206200;0;824800
V000349;20241102;T01;PRD030;CLI0064;2;44300;0,05;84170
V000645;20241102;T02;PRD024;CLI0070;3;1138800;0;3416400
V000949;20241102;T01;PRD009;CLI0013;1;4299700;0;4299700
V001628;20241102;T04;PRD011;CLI0034;1;793800;0,1;714420
V001688;20241102;T01;PRD029;CLI0043;3;66900;0;200700
V001814;20241102;T01;PRD016;CLI0057;1;1488400;0,1;1339560
V002018;20241102;T01;PRD005;CLI0051;3;149500;0,05;426075
V000764;20241103;T01;PRD033;CLI0048;1;1866900;0,15;1586865
V001421;20241103;T02;PRD014;CLI0021;1;117700;0;117700
V001538;20241103;T01;PRD031;CLI0076;2;37600;0,15;63920
V001903;20241103;T01;PRD017;CLI0031;2;3230200;0,05;6137380
V002052;20241103;T05;PRD008;CLI0032;2;3160400;0;6320800
V002063;20241103;T01;PRD031;CLI0016;1;35700;0,15;30345
V002185;20241103;T02;PRD015;CLI0052;3;663700;0;1991100
V000128;20241104;T01;PRD023;CLI0076;1;1130100;0;1130100
V000501;20241104;T05;PRD001;CLI0040;2;75200;0;150400
V000841;20241104;T01;PRD026;CLI0037;3;437300;0,05;1246305
V001100;20241104;T03;PRD026;CLI0042;2;446000;0,15;758200
V001242;20241104;T01;PRD035;CLI0076;1;248700;0;248700
V001815;20241104;T05;PRD038;CLI0007;1;613500;0,1;552150
V001828;20241104;T03;PRD035;CLI0023;2;246900;0,1;444420
V002041;20241104;T02;PRD027;CLI0005;4;18700;0;74800
V002090;20241104;T02;PRD005;CLI0040;1;153800;0,15;130730
V000173;20241105;T01;PRD013;CLI0053;3;258100;0,1;696870
V000881;20241105;T05;PRD038;CLI0036;3;578600;0;1735800
V000911;20241105;T01;PRD015;CLI0059;1;640100;0,1;576090
V001542;20241105;T03;PRD016;CLI0044;1;1499300;0,1;1349370
V001638;20241105;T04;PRD020;CLI0076;3;61800;0;185400
V002042;20241105;T04;PRD014;CLI0047;4;111800;0;447200
V002080;20241105;T01;PRD019;CLI0038;1;51400;0,05;48830
V000289;20241106;T01;PRD031;CLI0019;1;38700;0;38700
V000821;20241106;T04;PRD030;CLI0060;2;41500;0;83000
V001536;20241106;T05;PRD031;CLI0068;2;38500;0,15;65450
V001710;20241106;T03;PRD026;CLI0065;1;452100;0,05;429495
V001896;20241106;T01;PRD016;CLI0010;1;1478000;0,05;1404100
V002065;20241106;T02;PRD027;CLI0036;2;18600;0,15;31620
V002117;20241106;T01;PRD010;CLI0069;4;2001800;0,1;7206480
V000010;20241107;T04;PRD036;CLI0076;1;495900;0;495900
V000276;20241107;T05;PRD005;CLI0059;4;160800;0;643200
V001702;20241107;T03;PRD030;CLI0002;1;44200;0,1;39780
V001988;20241107;T01;PRD024;CLI0066;1;1136300;0;1136300
V002043;20241107;T03;PRD016;CLI0063;1;1436600;0;1436600
V002168;20241107;T05;PRD027;CLI0069;2;18500;0,15;31450
V000040;20241108;T03;PRD008;CLI0035;2;3024300;0,05;5746170
V000084;20241108;T01;PRD007;CLI0045;1;1491500;0;1491500
V001111;20241108;T05;PRD033;CLI0070;1;1854200;0;1854200
V001490;20241108;T03;PRD001;CLI0044;4;72900;0,05;277020
V001730;20241108;T03;PRD036;CLI0005;4;489000;0,1;1760400
V001866;20241108;T03;PRD036;CLI0018;1;513600;0;513600
V000676;20241109;T05;PRD015;CLI0026;4;650200;0,05;2470760
V000776;20241109;T03;PRD014;CLI0049;2;119300;0,15;202810
V001303;20241109;T01;PRD025;CLI0023;1;393800;0;393800
V002167;20241109;T01;PRD011;CLI0023;2;796600;0;1593200
V002175;20241109;T01;PRD013;CLI0057;4;279200;0,1;1005120
V000139;20241110;T03;PRD003;CLI0061;2;204900;0,1;368820
V000254;20241110;T02;PRD029;CLI0007;2;64900;0;129800
V000633;20241110;T02;PRD018;CLI0064;1;4999300;0;4999300
V000696;20241110;T02;PRD019;CLI0057;2;50800;0;101600
V000921;20241110;T02;PRD025;CLI0024;4;425500;0;1702000
V001107;20241110;T03;PRD034;CLI0024;3;261400;0;784200
V001268;20241110;T01;PRD019;CLI0010;4;51000;0,1;183600
V001631;20241110;T05;PRD023;CLI0008;4;1138500;0;4554000
V001652;20241110;T01;PRD014;CLI0055;4;115100;0,1;414360
V001655;20241110;T03;PRD028;CLI0076;4;97500;0,1;351000
V001680;20241110;T02;PRD009;CLI0012;2;4198600;0;8397200
V000703;20241111;T03;PRD032;CLI0012;4;38200;0,05;145160
V000746;20241111;T05;PRD017;CLI0053;2;3373700;0,05;6410030
V000769;20241111;T02;PRD001;CLI0043;3;73600;0;220800
V001340;20241111;T04;PRD033;CLI0059;2;1970700;0;3941400
V001356;20241111;T02;PRD031;CLI0019;2;35600;0,15;60520
V001380;20241111;T05;PRD024;CLI0011;1;1176100;0,15;999685
V001621;20241111;T02;PRD024;CLI0014;2;1191000;0,05;2262900
V002095;20241111;T01;PRD017;CLI0025;1;3409400;0;3409400
V000027;20241112;T05;PRD005;CLI0062;3;160200;0,1;432540
V000753;20241112;T05;PRD029;CLI0057;3;65600;0;196800
V000791;20241112;T02;PRD011;CLI0012;1;762800;0;762800
V001086;20241112;T05;PRD030;CLI0053;4;44200;0;176800
V001135;20241112;T02;PRD015;CLI0004;3;697900;0,05;1989015
V001579;20241112;T03;PRD038;CLI0069;1;610900;0;610900
V000067;20241113;T05;PRD017;CLI0066;1;3337500;0;3337500
V000271;20241113;T01;PRD023;CLI0022;1;1047300;0;1047300
V001890;20241113;T04;PRD010;CLI0054;4;1997300;0,15;6790820
V002021;20241113;T05;PRD036;CLI0013;2;495700;0,05;941830
V002060;20241113;T02;PRD033;CLI0019;1;1819900;0;1819900
V000422;20241114;T01;PRD021;CLI0045;3;152400;0;457200
V001364;20241114;T05;PRD023;CLI0031;2;1057600;0,1;1903680
V001372;20241114;T04;PRD015;CLI0069;4;644600;0,15;2191640
V001981;20241114;T03;PRD035;CLI0062;1;246200;0;246200
V000242;20241115;T02;PRD002;CLI0059;2;50500;0;101000
V000800;20241115;T02;PRD008;CLI0036;1;3077100;0,05;2923245
V000809;20241115;T01;PRD001;CLI0010;2;72500;0,05;137750
V001047;20241115;T02;PRD019;CLI0068;3;48700;0,05;138795
V001156;20241115;T02;PRD027;CLI0051;2;17700;0;35400
V001491;20241115;T04;PRD031;CLI0022;1;38300;0,15;32555
V001585;20241115;T01;PRD037;CLI0063;1;362100;0;362100
V001637;20241115;T01;PRD032;CLI0014;2;40200;0,1;72360
V001728;20241115;T05;PRD036;CLI0018;4;488400;0;1953600
V001858;20241115;T04;PRD001;CLI0027;1;76500;0,05;72675
V000438;20241116;T02;PRD032;CLI0062;3;38400;0,1;103680
V000902;20241116;T04;PRD004;CLI0033;3;422800;0,05;1204980
V001221;20241116;T01;PRD012;CLI0017;1;1885100;0;1885100
V001384;20241116;T01;PRD035;CLI0056;4;241000;0,1;867600
V001745;20241116;T01;PRD010;CLI0080;2;1929200;0,15;3279640
V001897;20241116;T01;PRD029;CLI0042;1;63200;0,05;60040
V000686;20241117;T04;PRD033;CLI0077;2;1941400;0;3882800
V000723;20241117;T02;PRD002;CLI0038;3;51400;0,15;131070
V000952;20241117;T01;PRD003;CLI0044;2;213200;0,05;405080
V001013;20241117;T03;PRD002;CLI0007;3;54100;0;162300
V001023;20241117;T01;PRD005;CLI0062;2;150200;0;300400
V001141;20241117;T02;PRD003;CLI0010;2;203800;0,05;387220
V001699;20241117;T05;PRD009;CLI0069;1;4450100;0;4450100
V002056;20241117;T03;PRD016;CLI0062;1;1415400;0;1415400
V000627;20241118;T03;PRD007;CLI0045;4;1432000;0,15;4868800
V000631;20241118;T03;PRD031;CLI0045;2;35300;0;70600
V000749;20241118;T02;PRD020;CLI0061;2;62500;0;125000
V000991;20241118;T02;PRD025;CLI0005;1;422500;0;422500
V001488;20241118;T02;PRD022;CLI0060;1;258000;0;258000
V002190;20241118;T02;PRD036;CLI0019;3;479200;0;1437600
V000202;20241119;T05;PRD007;CLI0048;1;1403300;0,1;1262970
V000330;20241119;T05;PRD017;CLI0017;2;3217500;0,15;5469750
V000570;20241119;T03;PRD002;CLI0059;1;53900;0,1;48510
V000833;20241119;T02;PRD025;CLI0034;1;429200;0;429200
V000962;20241119;T02;PRD033;CLI0014;3;1903400;0;5710200
V001679;20241119;T02;PRD022;CLI0027;1;256500;0;256500
V001792;20241119;T01;PRD014;CLI0044;1;116200;0,15;98770
V000045;20241120;T04;PRD016;CLI0030;2;1464600;0;2929200
V000285;20241120;T01;PRD018;CLI0018;4;5139900;0,1;18503640
V000295;20241120;T03;PRD004;CLI0062;1;441800;0,05;419710
V000304;20241120;T03;PRD002;CLI0061;4;52000;0;208000
V000752;20241120;T04;PRD008;CLI0024;1;3034800;0,15;2579580
V001017;20241120;T01;PRD031;CLI0056;4;35800;0,1;128880
V001791;20241120;T01;PRD001;CLI0028;2;76600;0,1;137880
V002011;20241120;T01;PRD015;CLI0040;1;681100;0,05;647045
V002174;20241120;T03;PRD032;CLI0001;1;40900;0,15;34765
V000260;20241121;T03;PRD026;CLI0016;3;452700;0;1358100
V000315;20241121;T01;PRD036;CLI0036;1;515300;0,15;438005
V000811;20241121;T01;PRD038;CLI0006;2;559700;0,05;1063430
V001075;20241121;T03;PRD023;CLI0070;2;1092300;0;2184600
V001610;20241121;T02;PRD012;CLI0051;3;1790800;0;5372400
V001827;20241121;T02;PRD028;CLI0017;3;98100;0,05;279585
V000049;20241122;T05;PRD037;CLI0045;1;364500;0,15;309825
V000106;20241122;T01;PRD002;CLI0048;1;53900;0;53900
V000220;20241122;T01;PRD028;CLI0043;1;99200;0,15;84320
V000264;20241122;T01;PRD026;CLI0001;2;460700;0,05;875330
V000963;20241122;T01;PRD017;CLI0049;3;3527900;0,1;9525330
V001129;20241122;T03;PRD024;CLI0048;3;1188900;0;3566700
V001532;20241122;T03;PRD015;CLI0029;1;638700;0;638700
V001549;20241122;T01;PRD001;CLI0033;2;74200;0,15;126140
V001752;20241122;T05;PRD020;CLI0051;1;57200;0,15;48620
V001753;20241122;T04;PRD022;CLI0074;2;276700;0;553400
V000091;20241123;T01;PRD009;CLI0026;2;4335300;0;8670600
V000705;20241123;T04;PRD016;CLI0051;1;1382000;0,05;1312900
V000808;20241123;T01;PRD010;CLI0002;4;1934200;0;7736800
V001048;20241123;T04;PRD018;CLI0024;1;5040800;0,05;4788760
V001146;20241123;T05;PRD030;CLI0013;3;44300;0;132900
V001198;20241123;T03;PRD030;CLI0041;1;41800;0,15;35530
V001467;20241123;T02;PRD022;CLI0057;4;271100;0,15;921740
V001952;20241123;T01;PRD026;CLI0002;4;449400;0;1797600
V000369;20241124;T05;PRD007;CLI0035;1;1514000;0,1;1362600
V000818;20241124;T05;PRD020;CLI0025;2;61300;0;122600
V000969;20241124;T03;PRD002;CLI0046;2;54200;0;108400
V001275;20241124;T02;PRD010;CLI0026;2;1919500;0,05;3647050
V001465;20241124;T01;PRD013;CLI0060;2;257300;0;514600
V002053;20241124;T02;PRD036;CLI0042;1;476400;0,1;428760
V000006;20241125;T03;PRD008;CLI0065;2;3107800;0,05;5904820
V000471;20241125;T05;PRD007;CLI0034;1;1504900;0,1;1354410
V000500;20241125;T03;PRD021;CLI0051;3;157800;0;473400
V000792;20241125;T01;PRD033;CLI0003;2;1988200;0;3976400
V001183;20241125;T01;PRD019;CLI0060;1;50000;0;50000
V001240;20241125;T01;PRD025;CLI0036;1;404800;0;404800
V001299;20241125;T02;PRD030;CLI0027;1;42800;0,1;38520
V001389;20241125;T03;PRD004;CLI0024;2;439100;0,1;790380
V001526;20241125;T01;PRD011;CLI0015;3;722800;0;2168400
V001658;20241125;T02;PRD019;CLI0012;1;49400;0;49400
V002081;20241125;T04;PRD030;CLI0033;1;43200;0;43200
V002140;20241125;T04;PRD022;CLI0028;1;270200;0,1;243180
V002149;20241125;T05;PRD012;CLI0027;1;1840100;0,1;1656090
V000019;20241126;T03;PRD005;CLI0010;2;157900;0,05;300010
V000056;20241126;T02;PRD017;CLI0073;1;3498900;0,05;3323955
V000205;20241126;T02;PRD008;CLI0038;2;3154900;0;6309800
V000312;20241126;T05;PRD031;CLI0018;3;36100;0;108300
V000625;20241126;T04;PRD019;CLI0028;1;49000;0,05;46550
V000651;20241126;T04;PRD025;CLI0045;1;410800;0;410800
V000684;20241126;T04;PRD015;CLI0059;1;693900;0,1;624510
V000856;20241126;T01;PRD012;CLI0066;4;1878500;0;7514000
V001370;20241126;T04;PRD006;CLI0028;1;833600;0,1;750240
V001765;20241126;T03;PRD010;CLI0077;3;1902800;0,15;4852140
V001908;20241126;T01;PRD023;CLI0014;1;1125100;0;1125100
V000072;20241127;T02;PRD030;CLI0069;4;42900;0;171600
V000097;20241127;T01;PRD010;CLI0074;2;1952000;0;3904000
V000156;20241127;T02;PRD033;CLI0044;2;1926600;0;3853200
V000641;20241127;T02;PRD037;CLI0046;1;352500;0;352500
V001420;20241127;T05;PRD018;CLI0032;2;5362800;0;10725600
V000002;20241128;T02;PRD030;CLI0031;2;41500;0,05;78850
V000671;20241128;T01;PRD036;CLI0017;4;476900;0;1907600
V001143;20241128;T04;PRD037;CLI0057;4;351900;0;1407600
V001157;20241128;T01;PRD007;CLI0003;1;1407800;0,05;1337410
V001486;20241128;T02;PRD035;CLI0010;1;249000;0;249000
V001539;20241128;T03;PRD031;CLI0076;1;38300;0;38300
V001872;20241128;T04;PRD003;CLI0035;2;220100;0;440200
V001923;20241128;T01;PRD023;CLI0051;4;1060100;0,15;3604340
V000484;20241129;T01;PRD013;CLI0041;2;254000;0,15;431800
V000918;20241129;T04;PRD032;CLI0009;1;39600;0,1;35640
V000961;20241129;T03;PRD032;CLI0024;2;40500;0;81000
V001040;20241129;T01;PRD035;CLI0078;1;234800;0;234800
V001643;20241129;T01;PRD011;CLI0043;3;795500;0,05;2267175
V001766;20241129;T05;PRD027;CLI0021;1;18100;0,05;17195
V001824;20241129;T03;PRD031;CLI0033;2;37100;0,1;66780
V002198;20241129;T01;PRD014;CLI0077;3;116700;0,15;297585
V000069;20241130;T04;PRD015;CLI0065;1;647300;0;647300
V000838;20241130;T01;PRD013;CLI0063;1;261300;0;261300
V001235;20241130;T02;PRD003;CLI0049;3;212400;0,15;541620
V001630;20241130;T01;PRD005;CLI0035;2;149000;0,1;268200
V001667;20241130;T02;PRD013;CLI0042;1;270700;0;270700
V001870;20241130;T02;PRD020;CLI0035;1;58200;0,05;55290
V002148;20241130;T05;PRD016;CLI0042;2;1457700;0;2915400
V000253;20241201;T05;PRD018;CLI0050;2;5316200;0,15;9037540
V000275;20241201;T01;PRD004;CLI0050;2;409700;0,1;737460
V000288;20241201;T04;PRD028;CLI0071;1;98800;0;98800
V000395;20241201;T03;PRD036;CLI0049;2;508300;0,1;914940
V000396;20241201;T01;PRD004;CLI0045;2;440800;0;881600
V000481;20241201;T03;PRD026;CLI0043;1;452700;0;452700
V000556;20241201;T05;PRD025;CLI0027;1;414500;0,05;393775
V001214;20241201;T02;PRD024;CLI0035;1;1158700;0;1158700
V001606;20241201;T01;PRD033;CLI0056;1;1958800;0,05;1860860
V001875;20241201;T01;PRD009;CLI0078;2;4358900;0,15;7410130
V001960;20241201;T03;PRD029;CLI0003;4;62700;0,15;213180
V002002;20241201;T03;PRD006;CLI0041;1;831600;0;831600
V002101;20241201;T01;PRD031;CLI0020;1;35400;0,05;33630
V002162;20241201;T01;PRD007;CLI0064;1;1458500;0;1458500
V000180;20241202;T01;PRD024;CLI0018;2;1128200;0,05;2143580
V000212;20241202;T01;PRD036;CLI0042;2;500800;0;1001600
V000257;20241202;T05;PRD007;CLI0026;1;1434900;0;1434900
V000480;20241202;T01;PRD031;CLI0066;2;36600;0;73200
V000537;20241202;T03;PRD032;CLI0023;3;40400;0;121200
V000877;20241202;T05;PRD036;CLI0004;1;503200;0,1;452880
V000968;20241202;T02;PRD020;CLI0005;1;58400;0;58400
V001042;20241202;T02;PRD002;CLI0014;2;53500;0;107000
V001653;20241202;T01;PRD017;CLI0020;4;3295000;0,15;11203000
V001795;20241202;T01;PRD028;CLI0061;4;99700;0,15;338980
V000374;20241203;T01;PRD033;CLI0072;4;1868800;0;7475200
V000531;20241203;T01;PRD004;CLI0063;1;443100;0;443100
V000622;20241203;T04;PRD016;CLI0042;1;1450900;0;1450900
V000630;20241203;T02;PRD001;CLI0055;2;73200;0,1;131760
V001055;20241203;T01;PRD031;CLI0002;2;38300;0,05;72770
V001928;20241203;T01;PRD006;CLI0023;1;836800;0;836800
V000440;20241204;T02;PRD038;CLI0045;2;604700;0;1209400
V000492;20241204;T04;PRD035;CLI0070;2;250800;0,1;451440
V000859;20241204;T01;PRD034;CLI0040;4;249800;0,1;899280
V000980;20241204;T05;PRD026;CLI0036;1;450100;0;450100
V001553;20241204;T03;PRD006;CLI0019;1;835900;0,05;794105
V001703;20241204;T04;PRD015;CLI0080;1;695800;0,05;661010
V001706;20241204;T05;PRD002;CLI0058;2;50300;0,15;85510
V000165;20241205;T03;PRD018;CLI0009;2;4942200;0,1;8895960
V001014;20241205;T05;PRD010;CLI0035;1;1995400;0,1;1795860
V001038;20241205;T05;PRD030;CLI0071;3;42100;0;126300
V001153;20241205;T03;PRD034;CLI0033;1;255000;0;255000
V001302;20241205;T04;PRD029;CLI0043;1;64500;0,15;54825
V001905;20241205;T04;PRD036;CLI0073;2;489000;0,05;929100
V002143;20241205;T03;PRD022;CLI0069;3;263300;0,1;710910
V001079;20241206;T03;PRD004;CLI0009;1;440600;0,05;418570
V001174;20241206;T03;PRD025;CLI0049;3;403700;0;1211100
V001199;20241206;T03;PRD035;CLI0075;3;258600;0,15;659430
V001331;20241206;T03;PRD027;CLI0078;1;18700;0;18700
V001342;20241206;T02;PRD032;CLI0065;1;38000;0;38000
V001675;20241206;T01;PRD002;CLI0028;2;50300;0,15;85510
V001925;20241206;T01;PRD025;CLI0043;2;391200;0,05;743280
V002007;20241206;T02;PRD003;CLI0068;2;200600;0,05;381140
V000171;20241207;T01;PRD022;CLI0071;4;259700;0;1038800
V000244;20241207;T01;PRD022;CLI0009;1;259700;0,15;220745
V000323;20241207;T01;PRD021;CLI0015;2;155800;0,15;264860
V000487;20241207;T01;PRD027;CLI0024;1;18200;0,05;17290
V000798;20241207;T01;PRD035;CLI0073;4;258700;0;1034800
V000812;20241207;T03;PRD033;CLI0077;2;1898900;0;3797800
V001309;20241207;T03;PRD020;CLI0080;1;59000;0,1;53100
V001453;20241207;T05;PRD003;CLI0024;1;209700;0;209700
V001463;20241207;T04;PRD003;CLI0060;1;209200;0,1;188280
V001588;20241207;T01;PRD038;CLI0075;1;595900;0,05;566105
V001705;20241207;T02;PRD004;CLI0033;3;435600;0,05;1241460
V002037;20241207;T05;PRD010;CLI0005;1;1960200;0,1;1764180
V002046;20241207;T02;PRD028;CLI0077;4;94700;0,05;359860
V002087;20241207;T02;PRD022;CLI0003;1;282000;0,1;253800
V002112;20241207;T01;PRD010;CLI0051;1;1965800;0,1;1769220
V002118;20241207;T01;PRD003;CLI0042;3;208400;0,15;531420
V002139;20241207;T03;PRD030;CLI0058;2;41100;0,05;78090
V000015;20241208;T04;PRD025;CLI0022;3;402400;0;1207200
V000360;20241208;T02;PRD029;CLI0004;2;62600;0;125200
V000386;20241208;T01;PRD019;CLI0057;2;47200;0;94400
V000403;20241208;T05;PRD032;CLI0007;1;38700;0;38700
V000426;20241208;T04;PRD005;CLI0006;1;157000;0,1;141300
V000777;20241208;T04;PRD030;CLI0011;4;42400;0,1;152640
V001255;20241208;T03;PRD002;CLI0043;4;52600;0,05;199880
V001347;20241208;T01;PRD023;CLI0019;1;1046100;0;1046100
V001440;20241208;T04;PRD036;CLI0027;3;499500;0,05;1423575
V001462;20241208;T05;PRD027;CLI0063;1;18200;0;18200
V001524;20241208;T05;PRD028;CLI0071;2;102700;0;205400
V002040;20241208;T04;PRD013;CLI0028;1;271300;0,1;244170
V002061;20241208;T04;PRD017;CLI0061;1;3479100;0,15;2957235
V002093;20241208;T01;PRD037;CLI0055;1;358700;0;358700
V000465;20241209;T05;PRD035;CLI0077;1;257100;0;257100
V000747;20241209;T02;PRD007;CLI0029;3;1475800;0,05;4206030
V000761;20241209;T01;PRD023;CLI0053;2;1065900;0,05;2025210
V001012;20241209;T05;PRD024;CLI0048;1;1136800;0;1136800
V001409;20241209;T03;PRD019;CLI0023;2;47300;0,15;80410
V001531;20241209;T03;PRD027;CLI0050;1;17700;0,15;15045
V001580;20241209;T02;PRD028;CLI0050;3;98000;0;294000
V001776;20241209;T05;PRD005;CLI0040;1;159200;0;159200
V001839;20241209;T02;PRD017;CLI0076;1;3411100;0,15;2899435
V001899;20241209;T01;PRD032;CLI0010;1;38200;0;38200
V000080;20241210;T02;PRD038;CLI0060;1;595000;0,05;565250
V000316;20241210;T04;PRD037;CLI0022;1;349100;0;349100
V000332;20241210;T05;PRD008;CLI0045;3;3174300;0;9522900
V000762;20241210;T01;PRD037;CLI0057;1;361900;0,1;325710
V000767;20241210;T04;PRD030;CLI0051;1;42500;0;42500
V000888;20241210;T04;PRD029;CLI0055;1;62600;0;62600
V000907;20241210;T03;PRD004;CLI0024;1;435700;0,1;392130
V001333;20241210;T02;PRD013;CLI0015;3;264200;0,05;752970
V001437;20241210;T02;PRD010;CLI0074;1;1983900;0,05;1884705
V002141;20241210;T04;PRD022;CLI0004;3;281600;0,15;718080
V000025;20241211;T03;PRD035;CLI0003;1;235400;0;235400
V000300;20241211;T01;PRD038;CLI0046;1;589200;0;589200
V000446;20241211;T01;PRD037;CLI0074;1;358900;0,15;305065
V000727;20241211;T02;PRD031;CLI0047;1;35300;0,05;33535
V001192;20241211;T05;PRD038;CLI0053;3;585000;0;1755000
V000058;20241212;T03;PRD015;CLI0015;1;644500;0;644500
V000274;20241212;T04;PRD010;CLI0068;1;1845200;0;1845200
V000533;20241212;T04;PRD025;CLI0078;4;413800;0;1655200
V000658;20241212;T04;PRD038;CLI0032;1;602400;0;602400
V000937;20241212;T05;PRD030;CLI0018;2;41100;0;82200
V001429;20241212;T05;PRD028;CLI0066;3;95100;0,1;256770
V001848;20241212;T02;PRD018;CLI0069;1;5213500;0;5213500
V001919;20241212;T03;PRD029;CLI0041;1;67600;0;67600
V001993;20241212;T04;PRD005;CLI0078;1;151000;0;151000
V000094;20241213;T01;PRD036;CLI0016;3;472400;0;1417200
V000293;20241213;T02;PRD032;CLI0014;1;38400;0;38400
V000384;20241213;T01;PRD035;CLI0010;2;257500;0,15;437750
V000405;20241213;T01;PRD037;CLI0006;1;332900;0;332900
V000559;20241213;T05;PRD007;CLI0074;1;1537200;0,15;1306620
V000644;20241213;T04;PRD035;CLI0049;3;247600;0;742800
V000778;20241213;T04;PRD025;CLI0009;4;392400;0;1569600
V000807;20241213;T01;PRD025;CLI0076;1;408900;0;408900
V000954;20241213;T02;PRD038;CLI0050;1;572900;0;572900
V001921;20241213;T01;PRD014;CLI0017;2;117500;0,1;211500
V002044;20241213;T01;PRD027;CLI0005;1;18700;0,05;17765
V002129;20241213;T03;PRD011;CLI0075;4;757000;0;3028000
V000140;20241214;T02;PRD011;CLI0052;3;798000;0;2394000
V000198;20241214;T05;PRD028;CLI0032;3;98000;0;294000
V000331;20241214;T05;PRD020;CLI0001;4;62800;0,1;226080
V000457;20241214;T01;PRD011;CLI0067;1;737300;0;737300
V000505;20241214;T01;PRD026;CLI0055;2;459000;0;918000
V000720;20241214;T03;PRD029;CLI0025;1;62600;0;62600
V000892;20241214;T03;PRD019;CLI0034;2;47300;0,15;80410
V001349;20241214;T03;PRD001;CLI0016;1;72500;0;72500
V001415;20241214;T01;PRD002;CLI0068;4;53700;0,05;204060
V001797;20241214;T05;PRD009;CLI0080;2;4203900;0;8407800
V001915;20241214;T01;PRD036;CLI0066;1;479200;0,05;455240
V002132;20241214;T05;PRD004;CLI0076;2;425200;0,05;807880
V000191;20241215;T01;PRD029;CLI0009;1;65800;0;65800
V000379;20241215;T01;PRD014;CLI0046;1;112300;0,1;101070
V000582;20241215;T02;PRD004;CLI0001;1;408900;0;408900
V001019;20241215;T03;PRD017;CLI0032;3;3368200;0,15;8588910
V001427;20241215;T04;PRD022;CLI0052;3;259200;0,1;699840
V001991;20241215;T04;PRD005;CLI0079;3;152100;0,15;387855
V002123;20241215;T03;PRD016;CLI0048;1;1472100;0,05;1398495
V000423;20241216;T03;PRD035;CLI0078;2;247400;0;494800
V000425;20241216;T01;PRD004;CLI0016;3;408300;0,1;1102410
V000581;20241216;T04;PRD012;CLI0074;3;1908600;0,15;4866930
V000893;20241216;T02;PRD033;CLI0041;2;1902900;0,15;3234930
V000958;20241216;T02;PRD020;CLI0063;4;62600;0;250400
V001026;20241216;T03;PRD036;CLI0077;1;512500;0,1;461250
V001032;20241216;T02;PRD007;CLI0015;1;1423700;0,05;1352515
V001054;20241216;T01;PRD024;CLI0053;4;1117200;0;4468800
V001173;20241216;T03;PRD001;CLI0045;4;75000;0;300000
V001374;20241216;T02;PRD013;CLI0058;2;267900;0;535800
V001398;20241216;T05;PRD014;CLI0064;4;118400;0;473600
V001550;20241216;T01;PRD026;CLI0058;1;441200;0,15;375020
V001561;20241216;T01;PRD028;CLI0015;2;100700;0,1;181260
V001622;20241216;T04;PRD012;CLI0016;1;1952000;0,1;1756800
V001729;20241216;T01;PRD006;CLI0010;1;836600;0;836600
V001944;20241216;T01;PRD038;CLI0051;2;572300;0,1;1030140
V002055;20241216;T03;PRD020;CLI0042;2;59400;0;118800
V002124;20241216;T05;PRD032;CLI0035;2;41200;0,05;78280
V000009;20241217;T01;PRD037;CLI0077;1;350800;0,1;315720
V000563;20241217;T01;PRD026;CLI0021;1;445900;0,1;401310
V000662;20241217;T01;PRD020;CLI0012;1;58200;0;58200
V001318;20241217;T05;PRD034;CLI0035;2;260300;0;520600
V001552;20241217;T03;PRD002;CLI0047;1;53100;0;53100
V001554;20241217;T01;PRD002;CLI0011;2;50100;0;100200
V002103;20241217;T02;PRD017;CLI0047;3;3449000;0;10347000
V002130;20241217;T05;PRD025;CLI0077;2;408500;0,1;735300
V002147;20241217;T02;PRD017;CLI0022;2;3390900;0,15;5764530
V000132;20241218;T05;PRD001;CLI0063;1;74400;0,05;70680
V000272;20241218;T02;PRD036;CLI0018;1;486500;0,15;413525
V000567;20241218;T02;PRD009;CLI0073;2;4145500;0;8291000
V001533;20241218;T01;PRD011;CLI0021;1;776500;0,1;698850
V001590;20241218;T01;PRD019;CLI0013;3;49000;0;147000
V001887;20241218;T01;PRD007;CLI0031;3;1421400;0,15;3624570
V000203;20241219;T02;PRD004;CLI0074;4;404400;0,05;1536720
V000437;20241219;T02;PRD038;CLI0019;4;576500;0;2306000
V001321;20241219;T02;PRD030;CLI0043;3;41700;0,1;112590
V001566;20241219;T02;PRD016;CLI0034;3;1465800;0,1;3957660
V001722;20241219;T01;PRD035;CLI0033;1;245100;0,1;220590
V000005;20241220;T05;PRD033;CLI0039;3;1908200;0;5724600
V000134;20241220;T02;PRD032;CLI0077;1;40200;0;40200
V000461;20241220;T02;PRD032;CLI0054;2;41000;0;82000
V000714;20241220;T02;PRD011;CLI0046;1;769600;0;769600
V001145;20241220;T05;PRD020;CLI0072;3;62300;0;186900
V001517;20241220;T01;PRD018;CLI0003;1;5214000;0;5214000
V001541;20241220;T03;PRD002;CLI0072;4;49500;0;198000
V001656;20241220;T02;PRD026;CLI0002;2;444300;0;888600
V001704;20241220;T01;PRD020;CLI0070;2;61700;0,1;111060
V001707;20241220;T01;PRD026;CLI0045;2;442000;0;884000
V002045;20241220;T05;PRD024;CLI0060;1;1150200;0;1150200
V002076;20241220;T03;PRD005;CLI0039;1;148800;0,1;133920
V000085;20241221;T02;PRD036;CLI0035;1;514100;0;514100
V000325;20241221;T02;PRD022;CLI0025;4;265200;0;1060800
V000617;20241221;T01;PRD006;CLI0070;2;819600;0,15;1393320
V001311;20241221;T05;PRD032;CLI0030;2;39600;0,1;71280
V001357;20241221;T04;PRD010;CLI0068;1;1875600;0,1;1688040
V001432;20241221;T02;PRD020;CLI0059;2;57700;0,1;103860
V001434;20241221;T01;PRD026;CLI0018;1;451300;0;451300
V001522;20241221;T01;PRD015;CLI0050;4;665600;0,1;2396160
V002049;20241221;T05;PRD010;CLI0038;3;1984700;0;5954100
V002156;20241221;T01;PRD033;CLI0007;3;1849800;0,05;5271930
V002166;20241221;T01;PRD006;CLI0029;1;781200;0;781200
V000122;20241222;T03;PRD026;CLI0040;4;428100;0;1712400
V000218;20241222;T01;PRD008;CLI0057;2;3190600;0;6381200
V000448;20241222;T03;PRD007;CLI0063;1;1397400;0;1397400
V000710;20241222;T02;PRD015;CLI0059;2;647500;0,1;1165500
V001030;20241222;T01;PRD010;CLI0067;1;1939200;0;1939200
V001257;20241222;T04;PRD037;CLI0049;2;336300;0,1;605340
V001583;20241222;T02;PRD006;CLI0078;3;823700;0,1;2223990
V001789;20241222;T01;PRD035;CLI0040;2;240400;0;480800
V000062;20241223;T04;PRD018;CLI0070;1;5226200;0;5226200
V000111;20241223;T01;PRD026;CLI0016;4;457100;0,15;1554140
V000208;20241223;T04;PRD033;CLI0016;4;1973400;0,05;7498920
V000665;20241223;T03;PRD010;CLI0023;3;1996800;0;5990400
V000697;20241223;T01;PRD019;CLI0067;1;48100;0,15;40885
V001201;20241223;T01;PRD036;CLI0040;3;474900;0,05;1353465
V001350;20241223;T05;PRD006;CLI0031;1;815800;0;815800
V001909;20241223;T03;PRD031;CLI0017;4;37500;0;150000
V000377;20241224;T04;PRD019;CLI0078;2;47700;0,15;81090
V000392;20241224;T02;PRD005;CLI0073;4;148200;0,1;533520
V000635;20241224;T02;PRD020;CLI0036;3;59500;0,05;169575
V000898;20241224;T04;PRD007;CLI0026;2;1415700;0,1;2548260
V001091;20241224;T01;PRD029;CLI0031;1;66600;0,1;59940
V001136;20241224;T01;PRD026;CLI0061;1;424100;0;424100
V001305;20241224;T03;PRD038;CLI0075;1;558700;0;558700
V001904;20241224;T01;PRD008;CLI0003;3;3036200;0;9108600
V000225;20241225;T03;PRD030;CLI0039;2;42000;0;84000
V000654;20241225;T04;PRD030;CLI0069;1;43900;0;43900
V000837;20241225;T02;PRD034;CLI0051;4;250800;0,1;902880
V000863;20241225;T04;PRD017;CLI0025;1;3369400;0,1;3032460
V001160;20241225;T02;PRD017;CLI0006;1;3427300;0,05;3255935
V001238;20241225;T05;PRD035;CLI0021;1;234700;0,05;222965
V001477;20241225;T05;PRD026;CLI0054;2;454400;0;908800
V001603;20241225;T05;PRD012;CLI0026;1;1844500;0;1844500
V001761;20241225;T01;PRD038;CLI0042;1;598700;0;598700
V001833;20241225;T05;PRD014;CLI0003;1;113500;0;113500
V001953;20241225;T05;PRD004;CLI0039;4;407200;0,1;1465920
V002115;20241225;T02;PRD035;CLI0012;2;240600;0,1;433080
V000066;20241226;T02;PRD003;CLI0064;2;212200;0;424400
V000158;20241226;T04;PRD038;CLI0062;1;584900;0,1;526410
V000168;20241226;T01;PRD012;CLI0037;1;1796100;0;1796100
V000216;20241226;T01;PRD023;CLI0053;4;1101600;0,15;3745440
V000229;20241226;T01;PRD022;CLI0004;1;257300;0;257300
V000718;20241226;T01;PRD022;CLI0079;1;280500;0,15;238425
V000967;20241226;T01;PRD036;CLI0015;2;490400;0;980800
V001327;20241226;T01;PRD016;CLI0058;4;1478500;0,05;5618300
V001455;20241226;T03;PRD005;CLI0076;2;152800;0;305600
V001711;20241226;T02;PRD008;CLI0012;1;3096900;0;3096900
V001744;20241226;T04;PRD009;CLI0053;1;4435700;0;4435700
V001825;20241226;T01;PRD019;CLI0003;1;48000;0,05;45600
V001834;20241226;T01;PRD038;CLI0017;3;589300;0,05;1679505
V002144;20241226;T03;PRD026;CLI0042;4;423000;0;1692000
V000124;20241227;T05;PRD023;CLI0006;1;1065700;0;1065700
V000164;20241227;T01;PRD036;CLI0012;2;480200;0,1;864360
V000210;20241227;T03;PRD035;CLI0034;4;244500;0;978000
V000350;20241227;T01;PRD014;CLI0036;4;113300;0,05;430540
V000506;20241227;T04;PRD003;CLI0038;1;217600;0;217600
V000951;20241227;T01;PRD034;CLI0034;2;247700;0,05;470630
V001555;20241227;T02;PRD008;CLI0043;4;3051400;0;12205600
V000098;20241228;T02;PRD028;CLI0066;1;101400;0;101400
V000268;20241228;T02;PRD025;CLI0033;1;399600;0,15;339660
V000520;20241228;T01;PRD015;CLI0078;1;673200;0;673200
V000548;20241228;T03;PRD028;CLI0050;4;95400;0;381600
V000956;20241228;T01;PRD016;CLI0040;2;1428200;0;2856400
V001264;20241228;T01;PRD012;CLI0033;1;1832500;0,15;1557625
V001556;20241228;T02;PRD029;CLI0001;3;68100;0;204300
V001997;20241228;T03;PRD009;CLI0068;3;4541800;0;13625400
V002079;20241228;T05;PRD023;CLI0041;1;1057100;0;1057100
V002086;20241228;T05;PRD001;CLI0058;1;76600;0,05;72770
V000495;20241229;T01;PRD012;CLI0064;1;1795700;0,15;1526345
V000632;20241229;T04;PRD012;CLI0076;1;1790300;0,15;1521755
V001181;20241229;T02;PRD017;CLI0040;1;3274400;0,05;3110680
V001239;20241229;T01;PRD025;CLI0054;1;396100;0,15;336685
V001387;20241229;T01;PRD004;CLI0018;3;420100;0;1260300
V001506;20241229;T01;PRD036;CLI0064;2;506500;0;1013000
V001557;20241229;T01;PRD027;CLI0050;1;18600;0;18600
V002001;20241229;T01;PRD008;CLI0046;1;3082100;0,05;2927995
V002015;20241229;T01;PRD031;CLI0002;2;36100;0;72200
V002098;20241229;T04;PRD028;CLI0060;1;93900;0;93900
V002133;20241229;T01;PRD036;CLI0016;4;500800;0,15;1702720
V000103;20241230;T01;PRD036;CLI0002;2;495700;0,15;842690
V000167;20241230;T05;PRD002;CLI0042;1;53200;0;53200
V000455;20241230;T01;PRD026;CLI0045;2;453300;0,1;815940
V000960;20241230;T03;PRD001;CLI0056;4;76900;0,05;292220
V001148;20241230;T05;PRD018;CLI0073;1;4964500;0;4964500
V002116;20241230;T03;PRD002;CLI0019;3;51100;0;153300
V000022;20241231;T05;PRD027;CLI0023;3;17800;0,15;45390
V000023;20241231;T03;PRD006;CLI0053;2;847400;0;1694800
V000193;20241231;T01;PRD008;CLI0033;1;3204600;0;3204600
V000716;20241231;T02;PRD008;CLI0001;1;2919800;0,15;2481830
V000739;20241231;T05;PRD021;CLI0034;3;152300;0;456900
V000766;20241231;T01;PRD002;CLI0042;3;53600;0;160800
V000878;20241231;T02;PRD001;CLI0023;1;77200;0;77200
V000919;20241231;T01;PRD038;CLI0023;2;572400;0;1144800
V001037;20241231;T01;PRD004;CLI0001;1;419800;0;419800
V001260;20241231;T02;PRD030;CLI0020;4;40800;0;163200
V001948;20241231;T05;PRD014;CLI0072;4;117800;0,05;447640
